task,source,readout,readout_config,feature_subsample,feature_indices,y_shape,y_dtype,y_mode,y_class_hist,y_pos_rate,budget_population_size,budget_generations,budget_batch_size,budget_total_evaluations,per_bit,full_acc,cross_entropy,n_samples
opcode_logic,reservoir,svm,{},1024,"[0, 2, 5, 8, 9, 10, 13, 14, 17, 19, 20, 21, 23, 24, 30, 31, 32, 33, 35, 36, 40, 42, 49, 50, 51, 53, 54, 56, 57, 58, 59, 65, 66, 72, 74, 77, 78, 79, 80, 83, 84, 85, 86, 87, 88, 89, 91, 92, 94, 99, 103, 104, 107, 108, 109, 114, 116, 117, 118, 122, 125, 126, 127, 128, 132, 133, 135, 138, 143, 144, 145, 147, 150, 157, 159, 160, 164, 166, 169, 170, 171, 173, 175, 178, 179, 181, 184, 185, 186, 187, 189, 190, 191, 196, 197, 198, 206, 207, 210, 218, 219, 221, 224, 227, 228, 229, 230, 231, 233, 236, 242, 250, 253, 256, 259, 262, 263, 266, 267, 270, 272, 274, 275, 276, 277, 279, 281, 285, 286, 289, 290, 291, 294, 295, 297, 299, 300, 302, 305, 308, 310, 312, 313, 316, 318, 320, 325, 328, 329, 332, 334, 335, 336, 337, 340, 343, 344, 345, 346, 347, 349, 352, 356, 363, 365, 366, 368, 369, 370, 372, 373, 375, 377, 378, 381, 385, 386, 388, 393, 395, 396, 401, 403, 406, 410, 411, 412, 413, 416, 418, 423, 424, 426, 429, 432, 434, 435, 436, 438, 446, 448, 449, 450, 455, 460, 463, 464, 469, 470, 471, 479, 480, 481, 482, 483, 484, 486, 489, 493, 495, 496, 497, 498, 499, 500, 502, 511, 512, 514, 515, 516, 517, 520, 521, 522, 524, 525, 526, 527, 529, 530, 532, 533, 534, 535, 539, 542, 544, 545, 547, 548, 549, 552, 555, 557, 560, 561, 562, 563, 566, 570, 573, 574, 575, 576, 579, 580, 582, 583, 585, 586, 587, 588, 589, 590, 592, 594, 595, 600, 608, 610, 611, 614, 616, 619, 624, 625, 626, 627, 628, 629, 630, 631, 632, 633, 635, 637, 639, 640, 644, 645, 649, 651, 652, 653, 657, 658, 659, 660, 664, 666, 668, 670, 672, 678, 680, 682, 683, 685, 686, 689, 690, 693, 695, 696, 697, 698, 702, 703, 705, 707, 712, 713, 714, 715, 716, 717, 720, 721, 723, 724, 725, 726, 727, 728, 730, 731, 733, 734, 737, 738, 740, 741, 742, 743, 744, 747, 752, 753, 756, 758, 760, 761, 765, 766, 769, 771, 774, 775, 776, 780, 781, 782, 784, 785, 787, 788, 789, 795, 797, 798, 799, 800, 804, 805, 806, 808, 809, 811, 812, 814, 821, 822, 823, 828, 829, 833, 834, 837, 839, 840, 843, 846, 848, 851, 853, 855, 856, 858, 864, 865, 867, 868, 869, 870, 871, 872, 873, 874, 876, 877, 878, 886, 890, 891, 893, 896, 898, 899, 900, 902, 903, 907, 910, 911, 913, 914, 920, 924, 926, 929, 932, 933, 935, 936, 937, 938, 939, 940, 944, 945, 946, 947, 949, 950, 951, 953, 959, 961, 969, 973, 976, 977, 978, 981, 983, 984, 985, 986, 987, 989, 990, 992, 993, 994, 996, 998, 999, 1001, 1005, 1006, 1008, 1009, 1012, 1016, 1017, 1019, 1020, 1021, 1022, 1024, 1028, 1029, 1030, 1035, 1036, 1037, 1041, 1043, 1044, 1046, 1047, 1050, 1051, 1052, 1053, 1055, 1056, 1059, 1061, 1063, 1064, 1067, 1071, 1072, 1074, 1075, 1080, 1081, 1082, 1084, 1085, 1087, 1088, 1090, 1092, 1096, 1097, 1098, 1100, 1101, 1102, 1104, 1106, 1107, 1108, 1109, 1111, 1112, 1113, 1115, 1117, 1118, 1119, 1120, 1121, 1122, 1126, 1127, 1128, 1129, 1133, 1134, 1135, 1137, 1138, 1139, 1141, 1143, 1145, 1146, 1148, 1150, 1154, 1158, 1159, 1160, 1161, 1163, 1165, 1168, 1169, 1173, 1174, 1175, 1177, 1178, 1181, 1186, 1189, 1191, 1192, 1194, 1195, 1196, 1197, 1199, 1200, 1203, 1205, 1207, 1209, 1212, 1217, 1218, 1220, 1221, 1224, 1225, 1226, 1227, 1228, 1230, 1231, 1232, 1233, 1234, 1235, 1238, 1239, 1242, 1244, 1245, 1247, 1248, 1249, 1251, 1260, 1261, 1262, 1263, 1268, 1270, 1271, 1272, 1273, 1274, 1277, 1279, 1280, 1281, 1283, 1284, 1287, 1288, 1292, 1297, 1300, 1301, 1303, 1307, 1308, 1311, 1314, 1315, 1317, 1320, 1321, 1322, 1323, 1324, 1326, 1329, 1330, 1331, 1333, 1334, 1335, 1337, 1340, 1341, 1342, 1345, 1347, 1348, 1349, 1351, 1355, 1356, 1358, 1359, 1360, 1361, 1368, 1369, 1370, 1372, 1373, 1376, 1379, 1380, 1381, 1382, 1383, 1386, 1388, 1390, 1391, 1392, 1394, 1396, 1400, 1401, 1402, 1403, 1404, 1407, 1408, 1410, 1414, 1415, 1417, 1419, 1420, 1427, 1429, 1430, 1431, 1432, 1434, 1435, 1436, 1439, 1440, 1443, 1444, 1445, 1450, 1451, 1452, 1453, 1454, 1455, 1456, 1458, 1460, 1461, 1463, 1465, 1466, 1467, 1474, 1475, 1476, 1477, 1478, 1480, 1481, 1484, 1485, 1486, 1488, 1491, 1492, 1493, 1494, 1496, 1498, 1501, 1504, 1506, 1509, 1510, 1511, 1512, 1514, 1515, 1516, 1518, 1519, 1520, 1521, 1525, 1526, 1527, 1528, 1532, 1534, 1536, 1537, 1538, 1541, 1542, 1544, 1546, 1547, 1549, 1550, 1553, 1555, 1556, 1560, 1562, 1566, 1567, 1570, 1572, 1578, 1580, 1582, 1585, 1586, 1587, 1588, 1591, 1592, 1593, 1594, 1596, 1597, 1601, 1603, 1604, 1610, 1611, 1612, 1616, 1618, 1624, 1625, 1627, 1629, 1630, 1632, 1634, 1637, 1639, 1641, 1644, 1645, 1648, 1652, 1654, 1659, 1660, 1661, 1662, 1668, 1669, 1670, 1673, 1675, 1677, 1680, 1683, 1684, 1685, 1687, 1689, 1690, 1691, 1693, 1696, 1699, 1702, 1703, 1704, 1705, 1706, 1707, 1710, 1711, 1712, 1713, 1714, 1715, 1717, 1718, 1720, 1724, 1727, 1729, 1730, 1731, 1732, 1733, 1734, 1740, 1741, 1743, 1745, 1751, 1753, 1754, 1757, 1759, 1764, 1765, 1767, 1769, 1770, 1772, 1774, 1776, 1777, 1784, 1786, 1788, 1790, 1791, 1798, 1799, 1801, 1802, 1805, 1813, 1815, 1816, 1817, 1819, 1820, 1821, 1823, 1824, 1831, 1832, 1833, 1834, 1836, 1839, 1840, 1841, 1842, 1844, 1845, 1846, 1848, 1850, 1852, 1856, 1858, 1860, 1862, 1863, 1865, 1867, 1869, 1871, 1873, 1874, 1875, 1877, 1880, 1882, 1884, 1886, 1889, 1893, 1894, 1895, 1897, 1898, 1899, 1901, 1904, 1905, 1907, 1908, 1909, 1911, 1912, 1914, 1916, 1918, 1919, 1920, 1921, 1923, 1926, 1931, 1932, 1935, 1936, 1938, 1939, 1940, 1946, 1947, 1950, 1951, 1953, 1954, 1955, 1956, 1957, 1958, 1961, 1963, 1964, 1966, 1967, 1969, 1970, 1971, 1972, 1973, 1979, 1980, 1981, 1982, 1983, 1984, 1985, 1988, 1989, 1990, 1991, 1995, 2000, 2001, 2002, 2003, 2006, 2009, 2010, 2012, 2014, 2015, 2017, 2021, 2022, 2023, 2026, 2027, 2028, 2029, 2030, 2032, 2034, 2036, 2037, 2039, 2042, 2045]","(32,)",int8,binary,"[(0, 16), (1, 16)]",,,,,,[1.0],1.0,0.3132534243149151,32
opcode_logic,reservoir,evo,"{'population_size': 128, 'generations': 300, 'tournament_size': 5, 'elite_count': 4, 'mutation_scale': 0.1, 'mutation_schedule': 'linear_decay', 'min_mutation_scale': 0.02, 'mutation_fraction': 0.5, 'batch_size': None}",1024,"[0, 2, 5, 8, 9, 10, 13, 14, 17, 19, 20, 21, 23, 24, 30, 31, 32, 33, 35, 36, 40, 42, 49, 50, 51, 53, 54, 56, 57, 58, 59, 65, 66, 72, 74, 77, 78, 79, 80, 83, 84, 85, 86, 87, 88, 89, 91, 92, 94, 99, 103, 104, 107, 108, 109, 114, 116, 117, 118, 122, 125, 126, 127, 128, 132, 133, 135, 138, 143, 144, 145, 147, 150, 157, 159, 160, 164, 166, 169, 170, 171, 173, 175, 178, 179, 181, 184, 185, 186, 187, 189, 190, 191, 196, 197, 198, 206, 207, 210, 218, 219, 221, 224, 227, 228, 229, 230, 231, 233, 236, 242, 250, 253, 256, 259, 262, 263, 266, 267, 270, 272, 274, 275, 276, 277, 279, 281, 285, 286, 289, 290, 291, 294, 295, 297, 299, 300, 302, 305, 308, 310, 312, 313, 316, 318, 320, 325, 328, 329, 332, 334, 335, 336, 337, 340, 343, 344, 345, 346, 347, 349, 352, 356, 363, 365, 366, 368, 369, 370, 372, 373, 375, 377, 378, 381, 385, 386, 388, 393, 395, 396, 401, 403, 406, 410, 411, 412, 413, 416, 418, 423, 424, 426, 429, 432, 434, 435, 436, 438, 446, 448, 449, 450, 455, 460, 463, 464, 469, 470, 471, 479, 480, 481, 482, 483, 484, 486, 489, 493, 495, 496, 497, 498, 499, 500, 502, 511, 512, 514, 515, 516, 517, 520, 521, 522, 524, 525, 526, 527, 529, 530, 532, 533, 534, 535, 539, 542, 544, 545, 547, 548, 549, 552, 555, 557, 560, 561, 562, 563, 566, 570, 573, 574, 575, 576, 579, 580, 582, 583, 585, 586, 587, 588, 589, 590, 592, 594, 595, 600, 608, 610, 611, 614, 616, 619, 624, 625, 626, 627, 628, 629, 630, 631, 632, 633, 635, 637, 639, 640, 644, 645, 649, 651, 652, 653, 657, 658, 659, 660, 664, 666, 668, 670, 672, 678, 680, 682, 683, 685, 686, 689, 690, 693, 695, 696, 697, 698, 702, 703, 705, 707, 712, 713, 714, 715, 716, 717, 720, 721, 723, 724, 725, 726, 727, 728, 730, 731, 733, 734, 737, 738, 740, 741, 742, 743, 744, 747, 752, 753, 756, 758, 760, 761, 765, 766, 769, 771, 774, 775, 776, 780, 781, 782, 784, 785, 787, 788, 789, 795, 797, 798, 799, 800, 804, 805, 806, 808, 809, 811, 812, 814, 821, 822, 823, 828, 829, 833, 834, 837, 839, 840, 843, 846, 848, 851, 853, 855, 856, 858, 864, 865, 867, 868, 869, 870, 871, 872, 873, 874, 876, 877, 878, 886, 890, 891, 893, 896, 898, 899, 900, 902, 903, 907, 910, 911, 913, 914, 920, 924, 926, 929, 932, 933, 935, 936, 937, 938, 939, 940, 944, 945, 946, 947, 949, 950, 951, 953, 959, 961, 969, 973, 976, 977, 978, 981, 983, 984, 985, 986, 987, 989, 990, 992, 993, 994, 996, 998, 999, 1001, 1005, 1006, 1008, 1009, 1012, 1016, 1017, 1019, 1020, 1021, 1022, 1024, 1028, 1029, 1030, 1035, 1036, 1037, 1041, 1043, 1044, 1046, 1047, 1050, 1051, 1052, 1053, 1055, 1056, 1059, 1061, 1063, 1064, 1067, 1071, 1072, 1074, 1075, 1080, 1081, 1082, 1084, 1085, 1087, 1088, 1090, 1092, 1096, 1097, 1098, 1100, 1101, 1102, 1104, 1106, 1107, 1108, 1109, 1111, 1112, 1113, 1115, 1117, 1118, 1119, 1120, 1121, 1122, 1126, 1127, 1128, 1129, 1133, 1134, 1135, 1137, 1138, 1139, 1141, 1143, 1145, 1146, 1148, 1150, 1154, 1158, 1159, 1160, 1161, 1163, 1165, 1168, 1169, 1173, 1174, 1175, 1177, 1178, 1181, 1186, 1189, 1191, 1192, 1194, 1195, 1196, 1197, 1199, 1200, 1203, 1205, 1207, 1209, 1212, 1217, 1218, 1220, 1221, 1224, 1225, 1226, 1227, 1228, 1230, 1231, 1232, 1233, 1234, 1235, 1238, 1239, 1242, 1244, 1245, 1247, 1248, 1249, 1251, 1260, 1261, 1262, 1263, 1268, 1270, 1271, 1272, 1273, 1274, 1277, 1279, 1280, 1281, 1283, 1284, 1287, 1288, 1292, 1297, 1300, 1301, 1303, 1307, 1308, 1311, 1314, 1315, 1317, 1320, 1321, 1322, 1323, 1324, 1326, 1329, 1330, 1331, 1333, 1334, 1335, 1337, 1340, 1341, 1342, 1345, 1347, 1348, 1349, 1351, 1355, 1356, 1358, 1359, 1360, 1361, 1368, 1369, 1370, 1372, 1373, 1376, 1379, 1380, 1381, 1382, 1383, 1386, 1388, 1390, 1391, 1392, 1394, 1396, 1400, 1401, 1402, 1403, 1404, 1407, 1408, 1410, 1414, 1415, 1417, 1419, 1420, 1427, 1429, 1430, 1431, 1432, 1434, 1435, 1436, 1439, 1440, 1443, 1444, 1445, 1450, 1451, 1452, 1453, 1454, 1455, 1456, 1458, 1460, 1461, 1463, 1465, 1466, 1467, 1474, 1475, 1476, 1477, 1478, 1480, 1481, 1484, 1485, 1486, 1488, 1491, 1492, 1493, 1494, 1496, 1498, 1501, 1504, 1506, 1509, 1510, 1511, 1512, 1514, 1515, 1516, 1518, 1519, 1520, 1521, 1525, 1526, 1527, 1528, 1532, 1534, 1536, 1537, 1538, 1541, 1542, 1544, 1546, 1547, 1549, 1550, 1553, 1555, 1556, 1560, 1562, 1566, 1567, 1570, 1572, 1578, 1580, 1582, 1585, 1586, 1587, 1588, 1591, 1592, 1593, 1594, 1596, 1597, 1601, 1603, 1604, 1610, 1611, 1612, 1616, 1618, 1624, 1625, 1627, 1629, 1630, 1632, 1634, 1637, 1639, 1641, 1644, 1645, 1648, 1652, 1654, 1659, 1660, 1661, 1662, 1668, 1669, 1670, 1673, 1675, 1677, 1680, 1683, 1684, 1685, 1687, 1689, 1690, 1691, 1693, 1696, 1699, 1702, 1703, 1704, 1705, 1706, 1707, 1710, 1711, 1712, 1713, 1714, 1715, 1717, 1718, 1720, 1724, 1727, 1729, 1730, 1731, 1732, 1733, 1734, 1740, 1741, 1743, 1745, 1751, 1753, 1754, 1757, 1759, 1764, 1765, 1767, 1769, 1770, 1772, 1774, 1776, 1777, 1784, 1786, 1788, 1790, 1791, 1798, 1799, 1801, 1802, 1805, 1813, 1815, 1816, 1817, 1819, 1820, 1821, 1823, 1824, 1831, 1832, 1833, 1834, 1836, 1839, 1840, 1841, 1842, 1844, 1845, 1846, 1848, 1850, 1852, 1856, 1858, 1860, 1862, 1863, 1865, 1867, 1869, 1871, 1873, 1874, 1875, 1877, 1880, 1882, 1884, 1886, 1889, 1893, 1894, 1895, 1897, 1898, 1899, 1901, 1904, 1905, 1907, 1908, 1909, 1911, 1912, 1914, 1916, 1918, 1919, 1920, 1921, 1923, 1926, 1931, 1932, 1935, 1936, 1938, 1939, 1940, 1946, 1947, 1950, 1951, 1953, 1954, 1955, 1956, 1957, 1958, 1961, 1963, 1964, 1966, 1967, 1969, 1970, 1971, 1972, 1973, 1979, 1980, 1981, 1982, 1983, 1984, 1985, 1988, 1989, 1990, 1991, 1995, 2000, 2001, 2002, 2003, 2006, 2009, 2010, 2012, 2014, 2015, 2017, 2021, 2022, 2023, 2026, 2027, 2028, 2029, 2030, 2032, 2034, 2036, 2037, 2039, 2042, 2045]","(32,)",int8,binary,"[(0, 16), (1, 16)]",,128,300,32,1228800,[1.0],1.0,9.999999722180686e-10,32
opcode_logic,direct,svm,{},1024,"[0, 1, 2, 3, 4]","(32,)",int8,binary,"[(0, 16), (1, 16)]",,,,,,[0.6875],0.6875,0.6278492274722607,32
opcode_logic,direct,evo,"{'population_size': 128, 'generations': 300, 'tournament_size': 5, 'elite_count': 4, 'mutation_scale': 0.1, 'mutation_schedule': 'linear_decay', 'min_mutation_scale': 0.02, 'mutation_fraction': 0.5, 'batch_size': None}",1024,"[0, 1, 2, 3, 4]","(32,)",int8,binary,"[(0, 16), (1, 16)]",,128,300,32,1228800,[0.8125],0.8125,0.6272261803425819,32
opcode_logic16,reservoir,svm,{},1024,"[0, 1, 2, 3, 4, 5, 8, 11, 12, 14, 15, 16, 18, 19, 22, 26, 28, 30, 31, 33, 36, 42, 43, 45, 47, 48, 49, 51, 53, 54, 55, 56, 57, 59, 61, 64, 66, 70, 71, 72, 73, 76, 77, 80, 83, 84, 86, 89, 90, 91, 93, 95, 99, 100, 101, 103, 105, 110, 111, 112, 115, 118, 122, 123, 124, 125, 128, 129, 130, 133, 134, 135, 137, 138, 139, 140, 141, 142, 143, 148, 149, 151, 153, 154, 158, 159, 163, 166, 167, 170, 171, 173, 175, 176, 177, 178, 179, 183, 184, 187, 189, 190, 191, 194, 195, 196, 197, 198, 200, 209, 211, 217, 221, 222, 223, 229, 231, 233, 234, 236, 239, 240, 241, 243, 244, 245, 246, 249, 250, 252, 253, 254, 255, 257, 259, 260, 261, 262, 268, 269, 271, 272, 274, 276, 280, 282, 285, 287, 288, 291, 295, 298, 299, 300, 301, 302, 304, 305, 308, 311, 313, 323, 324, 330, 331, 333, 335, 336, 338, 340, 343, 346, 347, 348, 350, 351, 355, 356, 358, 359, 361, 362, 364, 369, 372, 374, 376, 378, 379, 380, 384, 386, 390, 391, 392, 393, 394, 396, 398, 400, 403, 405, 406, 409, 410, 418, 419, 420, 422, 423, 425, 426, 427, 428, 432, 434, 435, 437, 439, 440, 441, 443, 444, 461, 464, 469, 472, 473, 477, 478, 479, 481, 482, 484, 485, 486, 490, 491, 492, 494, 501, 503, 507, 512, 514, 515, 520, 522, 524, 525, 527, 529, 531, 534, 537, 538, 539, 541, 546, 547, 548, 550, 551, 553, 558, 562, 563, 568, 570, 573, 575, 578, 580, 582, 587, 588, 590, 592, 594, 598, 599, 600, 602, 605, 607, 609, 612, 616, 618, 619, 620, 621, 622, 624, 626, 627, 629, 630, 633, 636, 639, 640, 641, 643, 645, 650, 653, 656, 658, 659, 663, 665, 667, 668, 669, 671, 672, 674, 678, 682, 683, 684, 687, 688, 690, 693, 696, 699, 700, 701, 703, 704, 706, 708, 713, 714, 715, 718, 722, 724, 725, 726, 731, 734, 735, 737, 740, 742, 743, 745, 746, 749, 751, 756, 758, 759, 760, 762, 763, 765, 767, 771, 773, 774, 775, 776, 783, 786, 787, 788, 789, 790, 791, 792, 794, 796, 797, 801, 802, 803, 804, 806, 807, 814, 816, 817, 818, 820, 821, 822, 823, 828, 829, 830, 833, 837, 840, 841, 844, 846, 847, 848, 850, 851, 854, 857, 858, 860, 861, 862, 863, 864, 865, 866, 867, 868, 871, 873, 874, 877, 878, 882, 883, 884, 886, 889, 890, 895, 898, 900, 904, 905, 906, 907, 909, 910, 911, 913, 915, 917, 922, 923, 924, 925, 928, 930, 931, 933, 934, 937, 938, 939, 941, 944, 945, 946, 951, 952, 956, 957, 958, 961, 964, 967, 969, 971, 972, 974, 975, 977, 978, 981, 982, 988, 992, 994, 998, 1002, 1004, 1005, 1006, 1013, 1018, 1019, 1020, 1021, 1023, 1024, 1026, 1028, 1030, 1031, 1032, 1035, 1037, 1039, 1040, 1041, 1043, 1046, 1048, 1055, 1056, 1059, 1061, 1062, 1063, 1066, 1068, 1069, 1071, 1072, 1073, 1074, 1075, 1076, 1077, 1078, 1079, 1080, 1084, 1087, 1091, 1093, 1094, 1095, 1096, 1097, 1098, 1101, 1102, 1104, 1106, 1107, 1108, 1109, 1112, 1113, 1116, 1117, 1118, 1119, 1120, 1123, 1124, 1125, 1126, 1127, 1129, 1130, 1131, 1132, 1135, 1137, 1140, 1142, 1144, 1145, 1146, 1149, 1151, 1152, 1153, 1154, 1155, 1157, 1158, 1160, 1164, 1168, 1170, 1171, 1172, 1174, 1175, 1176, 1184, 1187, 1188, 1190, 1191, 1194, 1195, 1197, 1198, 1199, 1202, 1203, 1205, 1208, 1210, 1211, 1213, 1215, 1218, 1220, 1222, 1223, 1224, 1226, 1227, 1228, 1232, 1233, 1234, 1236, 1237, 1239, 1243, 1244, 1245, 1246, 1248, 1250, 1252, 1255, 1257, 1262, 1264, 1267, 1268, 1269, 1275, 1276, 1278, 1281, 1282, 1283, 1284, 1285, 1286, 1287, 1289, 1290, 1293, 1294, 1295, 1296, 1297, 1300, 1301, 1302, 1304, 1307, 1309, 1310, 1311, 1312, 1314, 1315, 1316, 1317, 1318, 1320, 1321, 1322, 1324, 1327, 1330, 1332, 1337, 1338, 1339, 1340, 1344, 1348, 1352, 1354, 1357, 1358, 1359, 1360, 1361, 1363, 1366, 1367, 1370, 1371, 1372, 1376, 1377, 1379, 1380, 1381, 1384, 1386, 1388, 1389, 1390, 1391, 1394, 1396, 1397, 1399, 1400, 1403, 1404, 1406, 1407, 1408, 1409, 1410, 1412, 1413, 1414, 1416, 1418, 1421, 1426, 1428, 1430, 1432, 1433, 1434, 1436, 1437, 1438, 1442, 1443, 1445, 1446, 1447, 1448, 1449, 1451, 1452, 1454, 1461, 1462, 1464, 1466, 1470, 1471, 1472, 1475, 1478, 1479, 1480, 1482, 1483, 1484, 1485, 1487, 1489, 1490, 1493, 1495, 1498, 1500, 1504, 1508, 1510, 1511, 1512, 1513, 1514, 1516, 1521, 1524, 1525, 1526, 1528, 1531, 1535, 1536, 1537, 1540, 1542, 1543, 1546, 1548, 1549, 1550, 1552, 1556, 1561, 1564, 1567, 1570, 1571, 1572, 1574, 1575, 1579, 1581, 1583, 1587, 1589, 1590, 1591, 1593, 1594, 1599, 1601, 1602, 1604, 1605, 1607, 1610, 1612, 1617, 1618, 1623, 1625, 1626, 1629, 1630, 1631, 1632, 1633, 1642, 1644, 1645, 1646, 1648, 1649, 1650, 1651, 1652, 1660, 1662, 1664, 1666, 1667, 1668, 1669, 1671, 1673, 1674, 1675, 1677, 1680, 1681, 1682, 1684, 1687, 1688, 1689, 1690, 1693, 1694, 1698, 1701, 1702, 1703, 1704, 1705, 1708, 1709, 1712, 1714, 1715, 1721, 1723, 1724, 1725, 1726, 1732, 1733, 1735, 1736, 1737, 1742, 1746, 1747, 1749, 1751, 1753, 1755, 1757, 1758, 1760, 1761, 1762, 1763, 1766, 1768, 1769, 1770, 1772, 1773, 1775, 1776, 1777, 1778, 1782, 1783, 1785, 1789, 1790, 1791, 1794, 1796, 1799, 1800, 1804, 1806, 1807, 1808, 1810, 1812, 1815, 1816, 1820, 1824, 1825, 1826, 1827, 1828, 1829, 1830, 1831, 1834, 1838, 1840, 1842, 1843, 1844, 1845, 1847, 1851, 1852, 1853, 1854, 1856, 1857, 1859, 1864, 1865, 1871, 1872, 1873, 1875, 1876, 1877, 1879, 1880, 1882, 1884, 1885, 1886, 1887, 1889, 1890, 1891, 1893, 1895, 1898, 1899, 1902, 1908, 1913, 1914, 1917, 1918, 1919, 1920, 1923, 1924, 1925, 1926, 1927, 1929, 1932, 1933, 1934, 1936, 1938, 1939, 1940, 1941, 1944, 1945, 1948, 1949, 1952, 1955, 1957, 1959, 1960, 1961, 1962, 1963, 1965, 1967, 1969, 1974, 1975, 1978, 1979, 1980, 1981, 1982, 1983, 1990, 1993, 1994, 1996, 1998, 2003, 2005, 2007, 2008, 2009, 2012, 2016, 2019, 2020, 2021, 2022, 2023, 2024, 2026, 2029, 2030, 2032, 2033, 2034, 2036, 2038, 2040, 2042, 2044, 2046]","(64,)",int8,binary,"[(0, 32), (1, 32)]",,,,,,[1.0],1.0,0.31326220347811395,64
opcode_logic16,reservoir,evo,"{'population_size': 128, 'generations': 300, 'tournament_size': 5, 'elite_count': 4, 'mutation_scale': 0.1, 'mutation_schedule': 'linear_decay', 'min_mutation_scale': 0.02, 'mutation_fraction': 0.5, 'batch_size': None}",1024,"[0, 1, 2, 3, 4, 5, 8, 11, 12, 14, 15, 16, 18, 19, 22, 26, 28, 30, 31, 33, 36, 42, 43, 45, 47, 48, 49, 51, 53, 54, 55, 56, 57, 59, 61, 64, 66, 70, 71, 72, 73, 76, 77, 80, 83, 84, 86, 89, 90, 91, 93, 95, 99, 100, 101, 103, 105, 110, 111, 112, 115, 118, 122, 123, 124, 125, 128, 129, 130, 133, 134, 135, 137, 138, 139, 140, 141, 142, 143, 148, 149, 151, 153, 154, 158, 159, 163, 166, 167, 170, 171, 173, 175, 176, 177, 178, 179, 183, 184, 187, 189, 190, 191, 194, 195, 196, 197, 198, 200, 209, 211, 217, 221, 222, 223, 229, 231, 233, 234, 236, 239, 240, 241, 243, 244, 245, 246, 249, 250, 252, 253, 254, 255, 257, 259, 260, 261, 262, 268, 269, 271, 272, 274, 276, 280, 282, 285, 287, 288, 291, 295, 298, 299, 300, 301, 302, 304, 305, 308, 311, 313, 323, 324, 330, 331, 333, 335, 336, 338, 340, 343, 346, 347, 348, 350, 351, 355, 356, 358, 359, 361, 362, 364, 369, 372, 374, 376, 378, 379, 380, 384, 386, 390, 391, 392, 393, 394, 396, 398, 400, 403, 405, 406, 409, 410, 418, 419, 420, 422, 423, 425, 426, 427, 428, 432, 434, 435, 437, 439, 440, 441, 443, 444, 461, 464, 469, 472, 473, 477, 478, 479, 481, 482, 484, 485, 486, 490, 491, 492, 494, 501, 503, 507, 512, 514, 515, 520, 522, 524, 525, 527, 529, 531, 534, 537, 538, 539, 541, 546, 547, 548, 550, 551, 553, 558, 562, 563, 568, 570, 573, 575, 578, 580, 582, 587, 588, 590, 592, 594, 598, 599, 600, 602, 605, 607, 609, 612, 616, 618, 619, 620, 621, 622, 624, 626, 627, 629, 630, 633, 636, 639, 640, 641, 643, 645, 650, 653, 656, 658, 659, 663, 665, 667, 668, 669, 671, 672, 674, 678, 682, 683, 684, 687, 688, 690, 693, 696, 699, 700, 701, 703, 704, 706, 708, 713, 714, 715, 718, 722, 724, 725, 726, 731, 734, 735, 737, 740, 742, 743, 745, 746, 749, 751, 756, 758, 759, 760, 762, 763, 765, 767, 771, 773, 774, 775, 776, 783, 786, 787, 788, 789, 790, 791, 792, 794, 796, 797, 801, 802, 803, 804, 806, 807, 814, 816, 817, 818, 820, 821, 822, 823, 828, 829, 830, 833, 837, 840, 841, 844, 846, 847, 848, 850, 851, 854, 857, 858, 860, 861, 862, 863, 864, 865, 866, 867, 868, 871, 873, 874, 877, 878, 882, 883, 884, 886, 889, 890, 895, 898, 900, 904, 905, 906, 907, 909, 910, 911, 913, 915, 917, 922, 923, 924, 925, 928, 930, 931, 933, 934, 937, 938, 939, 941, 944, 945, 946, 951, 952, 956, 957, 958, 961, 964, 967, 969, 971, 972, 974, 975, 977, 978, 981, 982, 988, 992, 994, 998, 1002, 1004, 1005, 1006, 1013, 1018, 1019, 1020, 1021, 1023, 1024, 1026, 1028, 1030, 1031, 1032, 1035, 1037, 1039, 1040, 1041, 1043, 1046, 1048, 1055, 1056, 1059, 1061, 1062, 1063, 1066, 1068, 1069, 1071, 1072, 1073, 1074, 1075, 1076, 1077, 1078, 1079, 1080, 1084, 1087, 1091, 1093, 1094, 1095, 1096, 1097, 1098, 1101, 1102, 1104, 1106, 1107, 1108, 1109, 1112, 1113, 1116, 1117, 1118, 1119, 1120, 1123, 1124, 1125, 1126, 1127, 1129, 1130, 1131, 1132, 1135, 1137, 1140, 1142, 1144, 1145, 1146, 1149, 1151, 1152, 1153, 1154, 1155, 1157, 1158, 1160, 1164, 1168, 1170, 1171, 1172, 1174, 1175, 1176, 1184, 1187, 1188, 1190, 1191, 1194, 1195, 1197, 1198, 1199, 1202, 1203, 1205, 1208, 1210, 1211, 1213, 1215, 1218, 1220, 1222, 1223, 1224, 1226, 1227, 1228, 1232, 1233, 1234, 1236, 1237, 1239, 1243, 1244, 1245, 1246, 1248, 1250, 1252, 1255, 1257, 1262, 1264, 1267, 1268, 1269, 1275, 1276, 1278, 1281, 1282, 1283, 1284, 1285, 1286, 1287, 1289, 1290, 1293, 1294, 1295, 1296, 1297, 1300, 1301, 1302, 1304, 1307, 1309, 1310, 1311, 1312, 1314, 1315, 1316, 1317, 1318, 1320, 1321, 1322, 1324, 1327, 1330, 1332, 1337, 1338, 1339, 1340, 1344, 1348, 1352, 1354, 1357, 1358, 1359, 1360, 1361, 1363, 1366, 1367, 1370, 1371, 1372, 1376, 1377, 1379, 1380, 1381, 1384, 1386, 1388, 1389, 1390, 1391, 1394, 1396, 1397, 1399, 1400, 1403, 1404, 1406, 1407, 1408, 1409, 1410, 1412, 1413, 1414, 1416, 1418, 1421, 1426, 1428, 1430, 1432, 1433, 1434, 1436, 1437, 1438, 1442, 1443, 1445, 1446, 1447, 1448, 1449, 1451, 1452, 1454, 1461, 1462, 1464, 1466, 1470, 1471, 1472, 1475, 1478, 1479, 1480, 1482, 1483, 1484, 1485, 1487, 1489, 1490, 1493, 1495, 1498, 1500, 1504, 1508, 1510, 1511, 1512, 1513, 1514, 1516, 1521, 1524, 1525, 1526, 1528, 1531, 1535, 1536, 1537, 1540, 1542, 1543, 1546, 1548, 1549, 1550, 1552, 1556, 1561, 1564, 1567, 1570, 1571, 1572, 1574, 1575, 1579, 1581, 1583, 1587, 1589, 1590, 1591, 1593, 1594, 1599, 1601, 1602, 1604, 1605, 1607, 1610, 1612, 1617, 1618, 1623, 1625, 1626, 1629, 1630, 1631, 1632, 1633, 1642, 1644, 1645, 1646, 1648, 1649, 1650, 1651, 1652, 1660, 1662, 1664, 1666, 1667, 1668, 1669, 1671, 1673, 1674, 1675, 1677, 1680, 1681, 1682, 1684, 1687, 1688, 1689, 1690, 1693, 1694, 1698, 1701, 1702, 1703, 1704, 1705, 1708, 1709, 1712, 1714, 1715, 1721, 1723, 1724, 1725, 1726, 1732, 1733, 1735, 1736, 1737, 1742, 1746, 1747, 1749, 1751, 1753, 1755, 1757, 1758, 1760, 1761, 1762, 1763, 1766, 1768, 1769, 1770, 1772, 1773, 1775, 1776, 1777, 1778, 1782, 1783, 1785, 1789, 1790, 1791, 1794, 1796, 1799, 1800, 1804, 1806, 1807, 1808, 1810, 1812, 1815, 1816, 1820, 1824, 1825, 1826, 1827, 1828, 1829, 1830, 1831, 1834, 1838, 1840, 1842, 1843, 1844, 1845, 1847, 1851, 1852, 1853, 1854, 1856, 1857, 1859, 1864, 1865, 1871, 1872, 1873, 1875, 1876, 1877, 1879, 1880, 1882, 1884, 1885, 1886, 1887, 1889, 1890, 1891, 1893, 1895, 1898, 1899, 1902, 1908, 1913, 1914, 1917, 1918, 1919, 1920, 1923, 1924, 1925, 1926, 1927, 1929, 1932, 1933, 1934, 1936, 1938, 1939, 1940, 1941, 1944, 1945, 1948, 1949, 1952, 1955, 1957, 1959, 1960, 1961, 1962, 1963, 1965, 1967, 1969, 1974, 1975, 1978, 1979, 1980, 1981, 1982, 1983, 1990, 1993, 1994, 1996, 1998, 2003, 2005, 2007, 2008, 2009, 2012, 2016, 2019, 2020, 2021, 2022, 2023, 2024, 2026, 2029, 2030, 2032, 2033, 2034, 2036, 2038, 2040, 2042, 2044, 2046]","(64,)",int8,binary,"[(0, 32), (1, 32)]",,128,300,64,2457600,[1.0],1.0,9.999999722180686e-10,64
opcode_logic16,direct,svm,{},1024,"[0, 1, 2, 3, 4, 5]","(64,)",int8,binary,"[(0, 32), (1, 32)]",,,,,,[0.6875],0.6875,0.557420698332038,64
opcode_logic16,direct,evo,"{'population_size': 128, 'generations': 300, 'tournament_size': 5, 'elite_count': 4, 'mutation_scale': 0.1, 'mutation_schedule': 'linear_decay', 'min_mutation_scale': 0.02, 'mutation_fraction': 0.5, 'batch_size': None}",1024,"[0, 1, 2, 3, 4, 5]","(64,)",int8,binary,"[(0, 32), (1, 32)]",,128,300,64,2457600,[0.703125],0.703125,0.5518901034058158,64
compound_opcode,reservoir,svm,{},1024,"[1, 2, 4, 6, 7, 9, 11, 12, 13, 14, 18, 22, 23, 24, 25, 26, 28, 33, 36, 37, 38, 43, 44, 45, 46, 49, 51, 56, 59, 61, 62, 66, 67, 70, 72, 74, 76, 78, 80, 84, 89, 90, 91, 93, 94, 96, 98, 100, 101, 108, 109, 111, 115, 116, 117, 120, 122, 123, 124, 125, 126, 127, 129, 130, 132, 133, 134, 136, 139, 141, 144, 145, 147, 148, 149, 150, 152, 153, 155, 156, 157, 163, 164, 167, 169, 170, 175, 177, 179, 182, 183, 185, 186, 187, 188, 189, 193, 194, 195, 197, 204, 207, 213, 216, 217, 218, 219, 222, 225, 226, 229, 232, 234, 236, 241, 242, 243, 247, 250, 252, 254, 256, 257, 259, 261, 264, 265, 266, 267, 268, 269, 270, 275, 278, 280, 283, 284, 285, 287, 289, 290, 291, 292, 293, 294, 295, 299, 300, 301, 302, 304, 307, 308, 309, 311, 312, 316, 318, 319, 321, 322, 323, 325, 326, 327, 329, 330, 331, 332, 334, 335, 336, 338, 343, 345, 347, 348, 349, 350, 351, 352, 353, 354, 357, 358, 360, 363, 364, 372, 379, 380, 385, 386, 387, 390, 391, 392, 394, 395, 396, 397, 398, 399, 400, 401, 403, 404, 406, 407, 409, 410, 412, 415, 418, 422, 423, 424, 425, 426, 428, 429, 434, 436, 437, 444, 446, 447, 449, 452, 458, 459, 462, 465, 466, 468, 472, 473, 474, 477, 481, 484, 486, 488, 491, 495, 506, 508, 511, 512, 514, 516, 517, 518, 520, 521, 523, 526, 527, 528, 531, 532, 536, 538, 541, 542, 543, 546, 547, 548, 549, 552, 553, 560, 561, 562, 564, 566, 568, 569, 572, 574, 575, 577, 580, 581, 582, 585, 586, 588, 590, 594, 596, 597, 598, 603, 605, 607, 609, 613, 614, 615, 616, 617, 620, 623, 625, 626, 627, 628, 630, 633, 634, 636, 637, 639, 641, 642, 643, 644, 647, 648, 649, 650, 652, 657, 658, 659, 660, 661, 662, 664, 667, 672, 674, 678, 679, 680, 681, 683, 686, 687, 692, 693, 695, 696, 699, 704, 705, 706, 709, 710, 711, 712, 714, 716, 717, 719, 722, 723, 725, 726, 727, 728, 729, 730, 731, 733, 735, 743, 745, 750, 751, 752, 754, 755, 756, 758, 763, 766, 767, 769, 771, 776, 780, 781, 782, 786, 787, 788, 789, 790, 792, 794, 800, 805, 806, 807, 808, 810, 813, 814, 818, 820, 821, 822, 824, 825, 826, 827, 830, 832, 833, 837, 838, 841, 842, 843, 844, 845, 846, 848, 849, 850, 851, 854, 857, 860, 866, 867, 868, 869, 871, 872, 873, 875, 876, 880, 882, 883, 884, 885, 887, 888, 889, 896, 897, 899, 900, 901, 902, 904, 905, 906, 909, 911, 912, 916, 917, 919, 920, 921, 922, 923, 928, 929, 931, 932, 934, 935, 937, 938, 942, 944, 945, 947, 949, 950, 953, 955, 956, 959, 961, 964, 967, 968, 969, 970, 974, 975, 976, 979, 985, 986, 993, 995, 996, 997, 998, 1001, 1007, 1010, 1011, 1012, 1015, 1016, 1017, 1018, 1019, 1020, 1023, 1025, 1026, 1029, 1030, 1035, 1036, 1037, 1039, 1040, 1041, 1042, 1044, 1045, 1047, 1048, 1049, 1050, 1052, 1053, 1054, 1055, 1056, 1061, 1064, 1066, 1070, 1071, 1072, 1073, 1075, 1076, 1077, 1079, 1080, 1085, 1086, 1088, 1090, 1091, 1092, 1094, 1095, 1100, 1101, 1102, 1103, 1105, 1106, 1108, 1111, 1112, 1114, 1116, 1122, 1125, 1132, 1133, 1135, 1136, 1137, 1142, 1145, 1146, 1148, 1149, 1151, 1153, 1154, 1156, 1163, 1165, 1168, 1170, 1171, 1174, 1175, 1176, 1177, 1181, 1183, 1185, 1186, 1187, 1188, 1189, 1191, 1192, 1193, 1194, 1196, 1205, 1206, 1209, 1210, 1211, 1213, 1214, 1215, 1216, 1218, 1222, 1224, 1225, 1229, 1230, 1232, 1236, 1240, 1241, 1246, 1248, 1251, 1253, 1254, 1255, 1256, 1259, 1261, 1265, 1266, 1267, 1270, 1272, 1274, 1275, 1276, 1278, 1280, 1282, 1283, 1284, 1285, 1286, 1288, 1289, 1290, 1293, 1296, 1297, 1298, 1299, 1300, 1301, 1302, 1304, 1305, 1306, 1309, 1310, 1312, 1313, 1315, 1317, 1318, 1319, 1321, 1324, 1325, 1329, 1330, 1331, 1332, 1333, 1334, 1335, 1337, 1338, 1339, 1342, 1343, 1344, 1345, 1347, 1348, 1349, 1353, 1354, 1355, 1356, 1358, 1361, 1362, 1364, 1367, 1369, 1370, 1371, 1372, 1373, 1374, 1379, 1384, 1386, 1387, 1388, 1391, 1393, 1396, 1397, 1398, 1399, 1404, 1405, 1408, 1413, 1414, 1416, 1417, 1419, 1420, 1421, 1424, 1425, 1426, 1427, 1428, 1430, 1431, 1433, 1434, 1435, 1436, 1442, 1443, 1444, 1447, 1450, 1452, 1454, 1457, 1463, 1466, 1467, 1468, 1469, 1472, 1473, 1476, 1477, 1478, 1480, 1485, 1486, 1490, 1492, 1496, 1497, 1501, 1503, 1504, 1506, 1507, 1508, 1510, 1512, 1515, 1517, 1518, 1519, 1522, 1528, 1530, 1531, 1533, 1534, 1538, 1541, 1542, 1543, 1544, 1547, 1548, 1549, 1559, 1560, 1564, 1565, 1567, 1568, 1569, 1570, 1571, 1573, 1575, 1581, 1582, 1583, 1584, 1585, 1588, 1589, 1591, 1592, 1594, 1595, 1597, 1602, 1605, 1606, 1612, 1614, 1615, 1616, 1617, 1620, 1622, 1623, 1625, 1626, 1629, 1630, 1634, 1640, 1642, 1643, 1649, 1650, 1653, 1654, 1657, 1658, 1659, 1661, 1662, 1663, 1664, 1667, 1670, 1672, 1674, 1675, 1677, 1678, 1679, 1684, 1685, 1686, 1687, 1688, 1689, 1691, 1692, 1694, 1695, 1697, 1698, 1700, 1702, 1704, 1706, 1708, 1710, 1711, 1713, 1714, 1715, 1717, 1718, 1720, 1721, 1723, 1724, 1725, 1730, 1736, 1737, 1738, 1739, 1751, 1752, 1753, 1755, 1756, 1758, 1760, 1762, 1765, 1766, 1769, 1771, 1773, 1775, 1776, 1777, 1780, 1783, 1784, 1785, 1786, 1787, 1788, 1789, 1792, 1796, 1797, 1800, 1803, 1808, 1809, 1810, 1812, 1813, 1816, 1817, 1819, 1821, 1822, 1823, 1824, 1826, 1828, 1829, 1833, 1834, 1835, 1836, 1837, 1838, 1841, 1842, 1846, 1848, 1852, 1853, 1854, 1855, 1856, 1857, 1859, 1860, 1862, 1864, 1866, 1868, 1872, 1873, 1874, 1875, 1876, 1877, 1881, 1882, 1883, 1885, 1886, 1891, 1892, 1893, 1894, 1895, 1896, 1898, 1899, 1902, 1906, 1909, 1913, 1919, 1921, 1922, 1924, 1926, 1930, 1933, 1935, 1937, 1938, 1940, 1945, 1946, 1947, 1952, 1953, 1954, 1956, 1959, 1962, 1965, 1969, 1970, 1973, 1975, 1979, 1981, 1984, 1985, 1986, 1987, 1988, 1989, 1991, 1993, 1994, 1995, 1996, 1997, 1998, 2002, 2005, 2006, 2007, 2009, 2014, 2015, 2025, 2026, 2027, 2029, 2036, 2038, 2040, 2041, 2045, 2047]","(2048,)",int8,binary,"[(0, 1024), (1, 1024)]",,,,,,[0.9482421875],0.9482421875,0.3513464390144844,2048
compound_opcode,reservoir,evo,"{'population_size': 1024, 'generations': 3000, 'tournament_size': 7, 'elite_count': 10, 'mutation_scale': 0.06, 'mutation_schedule': 'linear_decay', 'min_mutation_scale': 0.01, 'mutation_fraction': 0.4, 'batch_size': None}",1024,"[1, 2, 4, 6, 7, 9, 11, 12, 13, 14, 18, 22, 23, 24, 25, 26, 28, 33, 36, 37, 38, 43, 44, 45, 46, 49, 51, 56, 59, 61, 62, 66, 67, 70, 72, 74, 76, 78, 80, 84, 89, 90, 91, 93, 94, 96, 98, 100, 101, 108, 109, 111, 115, 116, 117, 120, 122, 123, 124, 125, 126, 127, 129, 130, 132, 133, 134, 136, 139, 141, 144, 145, 147, 148, 149, 150, 152, 153, 155, 156, 157, 163, 164, 167, 169, 170, 175, 177, 179, 182, 183, 185, 186, 187, 188, 189, 193, 194, 195, 197, 204, 207, 213, 216, 217, 218, 219, 222, 225, 226, 229, 232, 234, 236, 241, 242, 243, 247, 250, 252, 254, 256, 257, 259, 261, 264, 265, 266, 267, 268, 269, 270, 275, 278, 280, 283, 284, 285, 287, 289, 290, 291, 292, 293, 294, 295, 299, 300, 301, 302, 304, 307, 308, 309, 311, 312, 316, 318, 319, 321, 322, 323, 325, 326, 327, 329, 330, 331, 332, 334, 335, 336, 338, 343, 345, 347, 348, 349, 350, 351, 352, 353, 354, 357, 358, 360, 363, 364, 372, 379, 380, 385, 386, 387, 390, 391, 392, 394, 395, 396, 397, 398, 399, 400, 401, 403, 404, 406, 407, 409, 410, 412, 415, 418, 422, 423, 424, 425, 426, 428, 429, 434, 436, 437, 444, 446, 447, 449, 452, 458, 459, 462, 465, 466, 468, 472, 473, 474, 477, 481, 484, 486, 488, 491, 495, 506, 508, 511, 512, 514, 516, 517, 518, 520, 521, 523, 526, 527, 528, 531, 532, 536, 538, 541, 542, 543, 546, 547, 548, 549, 552, 553, 560, 561, 562, 564, 566, 568, 569, 572, 574, 575, 577, 580, 581, 582, 585, 586, 588, 590, 594, 596, 597, 598, 603, 605, 607, 609, 613, 614, 615, 616, 617, 620, 623, 625, 626, 627, 628, 630, 633, 634, 636, 637, 639, 641, 642, 643, 644, 647, 648, 649, 650, 652, 657, 658, 659, 660, 661, 662, 664, 667, 672, 674, 678, 679, 680, 681, 683, 686, 687, 692, 693, 695, 696, 699, 704, 705, 706, 709, 710, 711, 712, 714, 716, 717, 719, 722, 723, 725, 726, 727, 728, 729, 730, 731, 733, 735, 743, 745, 750, 751, 752, 754, 755, 756, 758, 763, 766, 767, 769, 771, 776, 780, 781, 782, 786, 787, 788, 789, 790, 792, 794, 800, 805, 806, 807, 808, 810, 813, 814, 818, 820, 821, 822, 824, 825, 826, 827, 830, 832, 833, 837, 838, 841, 842, 843, 844, 845, 846, 848, 849, 850, 851, 854, 857, 860, 866, 867, 868, 869, 871, 872, 873, 875, 876, 880, 882, 883, 884, 885, 887, 888, 889, 896, 897, 899, 900, 901, 902, 904, 905, 906, 909, 911, 912, 916, 917, 919, 920, 921, 922, 923, 928, 929, 931, 932, 934, 935, 937, 938, 942, 944, 945, 947, 949, 950, 953, 955, 956, 959, 961, 964, 967, 968, 969, 970, 974, 975, 976, 979, 985, 986, 993, 995, 996, 997, 998, 1001, 1007, 1010, 1011, 1012, 1015, 1016, 1017, 1018, 1019, 1020, 1023, 1025, 1026, 1029, 1030, 1035, 1036, 1037, 1039, 1040, 1041, 1042, 1044, 1045, 1047, 1048, 1049, 1050, 1052, 1053, 1054, 1055, 1056, 1061, 1064, 1066, 1070, 1071, 1072, 1073, 1075, 1076, 1077, 1079, 1080, 1085, 1086, 1088, 1090, 1091, 1092, 1094, 1095, 1100, 1101, 1102, 1103, 1105, 1106, 1108, 1111, 1112, 1114, 1116, 1122, 1125, 1132, 1133, 1135, 1136, 1137, 1142, 1145, 1146, 1148, 1149, 1151, 1153, 1154, 1156, 1163, 1165, 1168, 1170, 1171, 1174, 1175, 1176, 1177, 1181, 1183, 1185, 1186, 1187, 1188, 1189, 1191, 1192, 1193, 1194, 1196, 1205, 1206, 1209, 1210, 1211, 1213, 1214, 1215, 1216, 1218, 1222, 1224, 1225, 1229, 1230, 1232, 1236, 1240, 1241, 1246, 1248, 1251, 1253, 1254, 1255, 1256, 1259, 1261, 1265, 1266, 1267, 1270, 1272, 1274, 1275, 1276, 1278, 1280, 1282, 1283, 1284, 1285, 1286, 1288, 1289, 1290, 1293, 1296, 1297, 1298, 1299, 1300, 1301, 1302, 1304, 1305, 1306, 1309, 1310, 1312, 1313, 1315, 1317, 1318, 1319, 1321, 1324, 1325, 1329, 1330, 1331, 1332, 1333, 1334, 1335, 1337, 1338, 1339, 1342, 1343, 1344, 1345, 1347, 1348, 1349, 1353, 1354, 1355, 1356, 1358, 1361, 1362, 1364, 1367, 1369, 1370, 1371, 1372, 1373, 1374, 1379, 1384, 1386, 1387, 1388, 1391, 1393, 1396, 1397, 1398, 1399, 1404, 1405, 1408, 1413, 1414, 1416, 1417, 1419, 1420, 1421, 1424, 1425, 1426, 1427, 1428, 1430, 1431, 1433, 1434, 1435, 1436, 1442, 1443, 1444, 1447, 1450, 1452, 1454, 1457, 1463, 1466, 1467, 1468, 1469, 1472, 1473, 1476, 1477, 1478, 1480, 1485, 1486, 1490, 1492, 1496, 1497, 1501, 1503, 1504, 1506, 1507, 1508, 1510, 1512, 1515, 1517, 1518, 1519, 1522, 1528, 1530, 1531, 1533, 1534, 1538, 1541, 1542, 1543, 1544, 1547, 1548, 1549, 1559, 1560, 1564, 1565, 1567, 1568, 1569, 1570, 1571, 1573, 1575, 1581, 1582, 1583, 1584, 1585, 1588, 1589, 1591, 1592, 1594, 1595, 1597, 1602, 1605, 1606, 1612, 1614, 1615, 1616, 1617, 1620, 1622, 1623, 1625, 1626, 1629, 1630, 1634, 1640, 1642, 1643, 1649, 1650, 1653, 1654, 1657, 1658, 1659, 1661, 1662, 1663, 1664, 1667, 1670, 1672, 1674, 1675, 1677, 1678, 1679, 1684, 1685, 1686, 1687, 1688, 1689, 1691, 1692, 1694, 1695, 1697, 1698, 1700, 1702, 1704, 1706, 1708, 1710, 1711, 1713, 1714, 1715, 1717, 1718, 1720, 1721, 1723, 1724, 1725, 1730, 1736, 1737, 1738, 1739, 1751, 1752, 1753, 1755, 1756, 1758, 1760, 1762, 1765, 1766, 1769, 1771, 1773, 1775, 1776, 1777, 1780, 1783, 1784, 1785, 1786, 1787, 1788, 1789, 1792, 1796, 1797, 1800, 1803, 1808, 1809, 1810, 1812, 1813, 1816, 1817, 1819, 1821, 1822, 1823, 1824, 1826, 1828, 1829, 1833, 1834, 1835, 1836, 1837, 1838, 1841, 1842, 1846, 1848, 1852, 1853, 1854, 1855, 1856, 1857, 1859, 1860, 1862, 1864, 1866, 1868, 1872, 1873, 1874, 1875, 1876, 1877, 1881, 1882, 1883, 1885, 1886, 1891, 1892, 1893, 1894, 1895, 1896, 1898, 1899, 1902, 1906, 1909, 1913, 1919, 1921, 1922, 1924, 1926, 1930, 1933, 1935, 1937, 1938, 1940, 1945, 1946, 1947, 1952, 1953, 1954, 1956, 1959, 1962, 1965, 1969, 1970, 1973, 1975, 1979, 1981, 1984, 1985, 1986, 1987, 1988, 1989, 1991, 1993, 1994, 1995, 1996, 1997, 1998, 2002, 2005, 2006, 2007, 2009, 2014, 2015, 2025, 2026, 2027, 2029, 2036, 2038, 2040, 2041, 2045, 2047]","(2048,)",int8,binary,"[(0, 1024), (1, 1024)]",,1024,3000,2048,6291456000,[0.77783203125],0.77783203125,0.49244109189739904,2048
compound_opcode,direct,svm,{},1024,"[0, 1, 2, 3, 4, 5, 6, 7, 8, 9, 10]","(2048,)",int8,binary,"[(0, 1024), (1, 1024)]",,,,,,[0.68994140625],0.68994140625,0.5574264946000547,2048
compound_opcode,direct,evo,"{'population_size': 1024, 'generations': 3000, 'tournament_size': 7, 'elite_count': 10, 'mutation_scale': 0.06, 'mutation_schedule': 'linear_decay', 'min_mutation_scale': 0.01, 'mutation_fraction': 0.4, 'batch_size': None}",1024,"[0, 1, 2, 3, 4, 5, 6, 7, 8, 9, 10]","(2048,)",int8,binary,"[(0, 1024), (1, 1024)]",,1024,3000,2048,6291456000,[0.6943359375],0.6943359375,0.5518883260176073,2048
bit_memory,reservoir,svm,{},1024,"[1, 2, 7, 8, 9, 10, 11, 12, 16, 17, 18, 22, 24, 25, 27, 32, 34, 36, 37, 38, 39, 43, 44, 49, 50, 51, 53, 56, 58, 59, 60, 61, 62, 63, 66, 71, 76, 81, 82, 83, 84, 87, 88, 89, 90, 91, 93, 94, 99, 102, 103, 105, 106, 111, 113, 114, 116, 118, 119, 123, 127, 130, 133, 135, 136, 137, 140, 146, 147, 149, 150, 151, 153, 154, 155, 156, 161, 163, 166, 169, 170, 177, 178, 181, 182, 184, 185, 188, 193, 194, 196, 202, 203, 206, 214, 216, 223, 224, 226, 227, 230, 234, 235, 236, 238, 239, 241, 242, 245, 246, 248, 249, 251, 252, 254, 256, 257, 259, 266, 268, 271, 273, 277, 279, 280, 281, 282, 284, 286, 287, 290, 294, 295, 296, 297, 298, 301, 303, 305, 307, 309, 319, 320, 321, 324, 325, 327, 328, 330, 333, 335, 336, 337, 339, 340, 341, 342, 344, 345, 348, 349, 350, 351, 352, 353, 354, 356, 357, 359, 361, 365, 366, 371, 372, 374, 377, 379, 382, 384, 385, 387, 388, 390, 392, 394, 395, 397, 399, 401, 404, 406, 407, 408, 414, 416, 420, 421, 426, 428, 429, 430, 434, 435, 436, 437, 438, 439, 440, 441, 442, 445, 446, 449, 450, 451, 452, 459, 462, 463, 465, 466, 467, 470, 471, 472, 481, 482, 487, 489, 490, 494, 495, 496, 500, 501, 503, 504, 505, 506, 509, 511, 514, 517, 520, 522, 523, 524, 527, 530, 531, 535, 536, 539, 540, 542, 543, 544, 546, 548, 550, 552, 553, 554, 555, 556, 559, 561, 562, 565, 566, 567, 568, 570, 571, 572, 573, 575, 576, 578, 580, 582, 585, 587, 589, 594, 595, 596, 603, 605, 607, 608, 609, 610, 612, 614, 615, 616, 619, 620, 621, 623, 624, 625, 627, 628, 630, 633, 634, 635, 636, 637, 640, 642, 644, 646, 647, 648, 649, 650, 651, 652, 653, 657, 659, 662, 663, 666, 671, 674, 677, 679, 685, 689, 692, 694, 695, 696, 697, 698, 699, 700, 701, 706, 707, 709, 710, 711, 713, 714, 715, 716, 723, 724, 726, 727, 729, 731, 733, 740, 742, 745, 746, 747, 749, 750, 752, 754, 757, 759, 760, 762, 765, 769, 770, 771, 774, 775, 776, 777, 779, 780, 781, 788, 791, 792, 798, 799, 802, 804, 805, 807, 808, 809, 812, 813, 815, 817, 819, 820, 821, 823, 824, 827, 829, 831, 832, 834, 836, 838, 839, 842, 846, 847, 854, 857, 858, 859, 860, 861, 863, 864, 866, 871, 872, 873, 874, 875, 880, 882, 884, 886, 887, 888, 891, 892, 895, 898, 899, 900, 902, 905, 906, 907, 909, 910, 911, 912, 913, 914, 916, 918, 921, 923, 924, 925, 927, 928, 930, 931, 932, 934, 935, 936, 937, 938, 943, 945, 946, 947, 952, 953, 956, 957, 958, 959, 963, 964, 968, 970, 972, 974, 976, 979, 982, 987, 989, 992, 995, 999, 1001, 1002, 1003, 1005, 1007, 1010, 1012, 1015, 1017, 1021, 1022, 1025, 1026, 1027, 1029, 1030, 1031, 1032, 1033, 1034, 1036, 1038, 1050, 1052, 1053, 1054, 1055, 1057, 1060, 1061, 1063, 1064, 1068, 1071, 1077, 1078, 1081, 1083, 1085, 1086, 1087, 1089, 1091, 1092, 1094, 1095, 1096, 1098, 1099, 1100, 1113, 1115, 1116, 1117, 1121, 1123, 1129, 1132, 1133, 1136, 1138, 1140, 1141, 1142, 1143, 1147, 1148, 1150, 1152, 1154, 1156, 1159, 1160, 1162, 1164, 1165, 1167, 1169, 1170, 1172, 1174, 1176, 1180, 1182, 1184, 1185, 1186, 1187, 1188, 1189, 1192, 1195, 1196, 1199, 1200, 1201, 1205, 1207, 1212, 1213, 1215, 1216, 1218, 1219, 1220, 1221, 1222, 1223, 1226, 1231, 1232, 1233, 1234, 1235, 1236, 1237, 1238, 1240, 1243, 1244, 1246, 1248, 1249, 1253, 1256, 1257, 1259, 1260, 1261, 1262, 1265, 1266, 1267, 1268, 1278, 1279, 1281, 1282, 1283, 1285, 1286, 1287, 1291, 1293, 1295, 1301, 1302, 1306, 1307, 1310, 1311, 1312, 1314, 1316, 1317, 1318, 1320, 1321, 1322, 1323, 1324, 1325, 1326, 1327, 1328, 1330, 1331, 1334, 1335, 1336, 1337, 1339, 1341, 1342, 1344, 1346, 1348, 1349, 1351, 1356, 1359, 1360, 1364, 1365, 1367, 1369, 1372, 1373, 1374, 1375, 1376, 1377, 1380, 1382, 1386, 1389, 1390, 1393, 1394, 1395, 1396, 1397, 1399, 1400, 1403, 1404, 1406, 1408, 1409, 1410, 1412, 1413, 1414, 1415, 1416, 1417, 1419, 1420, 1422, 1427, 1432, 1436, 1437, 1438, 1441, 1444, 1447, 1448, 1450, 1451, 1452, 1456, 1459, 1460, 1461, 1465, 1467, 1468, 1469, 1470, 1472, 1478, 1479, 1482, 1483, 1484, 1489, 1490, 1492, 1494, 1495, 1499, 1503, 1505, 1508, 1510, 1511, 1513, 1515, 1516, 1519, 1520, 1524, 1525, 1527, 1529, 1530, 1531, 1532, 1533, 1534, 1538, 1541, 1542, 1543, 1544, 1546, 1547, 1549, 1552, 1553, 1554, 1555, 1556, 1557, 1558, 1560, 1561, 1565, 1568, 1570, 1571, 1573, 1574, 1577, 1578, 1579, 1580, 1583, 1588, 1589, 1590, 1591, 1592, 1593, 1594, 1595, 1599, 1600, 1601, 1605, 1607, 1611, 1612, 1613, 1615, 1618, 1620, 1621, 1624, 1629, 1630, 1632, 1633, 1636, 1639, 1641, 1642, 1644, 1645, 1646, 1649, 1650, 1651, 1652, 1653, 1654, 1655, 1658, 1661, 1665, 1666, 1667, 1668, 1669, 1670, 1674, 1675, 1678, 1680, 1681, 1682, 1683, 1685, 1689, 1690, 1691, 1693, 1694, 1695, 1699, 1700, 1701, 1702, 1705, 1706, 1707, 1709, 1711, 1717, 1719, 1722, 1724, 1726, 1727, 1728, 1729, 1730, 1731, 1732, 1734, 1736, 1742, 1743, 1744, 1745, 1749, 1750, 1751, 1753, 1756, 1758, 1759, 1760, 1764, 1767, 1774, 1775, 1776, 1777, 1778, 1779, 1783, 1785, 1787, 1789, 1790, 1791, 1792, 1793, 1794, 1796, 1798, 1801, 1805, 1806, 1807, 1809, 1812, 1813, 1814, 1817, 1818, 1823, 1829, 1831, 1832, 1833, 1838, 1839, 1840, 1841, 1848, 1849, 1851, 1852, 1853, 1858, 1863, 1864, 1866, 1867, 1868, 1869, 1870, 1871, 1872, 1876, 1877, 1881, 1883, 1885, 1888, 1889, 1892, 1893, 1894, 1895, 1897, 1901, 1902, 1904, 1907, 1908, 1909, 1910, 1912, 1913, 1916, 1917, 1921, 1923, 1924, 1928, 1930, 1931, 1933, 1934, 1936, 1937, 1939, 1942, 1943, 1947, 1948, 1951, 1952, 1954, 1955, 1958, 1960, 1962, 1965, 1967, 1968, 1969, 1971, 1972, 1974, 1976, 1979, 1981, 1982, 1985, 1986, 1987, 1988, 1989, 1990, 1993, 1995, 1997, 1998, 2000, 2002, 2005, 2007, 2009, 2012, 2014, 2015, 2017, 2025, 2027, 2028, 2033, 2034, 2035, 2036, 2038, 2039, 2041, 2042, 2043, 2046]","(384,)",int8,binary,"[(0, 192), (1, 192)]",,,,,,[1.0],1.0,0.3021171239156118,384
bit_memory,reservoir,evo,"{'population_size': 512, 'generations': 1500, 'tournament_size': 7, 'elite_count': 10, 'mutation_scale': 0.05, 'mutation_schedule': 'linear_decay', 'min_mutation_scale': 0.01, 'mutation_fraction': 0.5, 'batch_size': None}",1024,"[1, 2, 7, 8, 9, 10, 11, 12, 16, 17, 18, 22, 24, 25, 27, 32, 34, 36, 37, 38, 39, 43, 44, 49, 50, 51, 53, 56, 58, 59, 60, 61, 62, 63, 66, 71, 76, 81, 82, 83, 84, 87, 88, 89, 90, 91, 93, 94, 99, 102, 103, 105, 106, 111, 113, 114, 116, 118, 119, 123, 127, 130, 133, 135, 136, 137, 140, 146, 147, 149, 150, 151, 153, 154, 155, 156, 161, 163, 166, 169, 170, 177, 178, 181, 182, 184, 185, 188, 193, 194, 196, 202, 203, 206, 214, 216, 223, 224, 226, 227, 230, 234, 235, 236, 238, 239, 241, 242, 245, 246, 248, 249, 251, 252, 254, 256, 257, 259, 266, 268, 271, 273, 277, 279, 280, 281, 282, 284, 286, 287, 290, 294, 295, 296, 297, 298, 301, 303, 305, 307, 309, 319, 320, 321, 324, 325, 327, 328, 330, 333, 335, 336, 337, 339, 340, 341, 342, 344, 345, 348, 349, 350, 351, 352, 353, 354, 356, 357, 359, 361, 365, 366, 371, 372, 374, 377, 379, 382, 384, 385, 387, 388, 390, 392, 394, 395, 397, 399, 401, 404, 406, 407, 408, 414, 416, 420, 421, 426, 428, 429, 430, 434, 435, 436, 437, 438, 439, 440, 441, 442, 445, 446, 449, 450, 451, 452, 459, 462, 463, 465, 466, 467, 470, 471, 472, 481, 482, 487, 489, 490, 494, 495, 496, 500, 501, 503, 504, 505, 506, 509, 511, 514, 517, 520, 522, 523, 524, 527, 530, 531, 535, 536, 539, 540, 542, 543, 544, 546, 548, 550, 552, 553, 554, 555, 556, 559, 561, 562, 565, 566, 567, 568, 570, 571, 572, 573, 575, 576, 578, 580, 582, 585, 587, 589, 594, 595, 596, 603, 605, 607, 608, 609, 610, 612, 614, 615, 616, 619, 620, 621, 623, 624, 625, 627, 628, 630, 633, 634, 635, 636, 637, 640, 642, 644, 646, 647, 648, 649, 650, 651, 652, 653, 657, 659, 662, 663, 666, 671, 674, 677, 679, 685, 689, 692, 694, 695, 696, 697, 698, 699, 700, 701, 706, 707, 709, 710, 711, 713, 714, 715, 716, 723, 724, 726, 727, 729, 731, 733, 740, 742, 745, 746, 747, 749, 750, 752, 754, 757, 759, 760, 762, 765, 769, 770, 771, 774, 775, 776, 777, 779, 780, 781, 788, 791, 792, 798, 799, 802, 804, 805, 807, 808, 809, 812, 813, 815, 817, 819, 820, 821, 823, 824, 827, 829, 831, 832, 834, 836, 838, 839, 842, 846, 847, 854, 857, 858, 859, 860, 861, 863, 864, 866, 871, 872, 873, 874, 875, 880, 882, 884, 886, 887, 888, 891, 892, 895, 898, 899, 900, 902, 905, 906, 907, 909, 910, 911, 912, 913, 914, 916, 918, 921, 923, 924, 925, 927, 928, 930, 931, 932, 934, 935, 936, 937, 938, 943, 945, 946, 947, 952, 953, 956, 957, 958, 959, 963, 964, 968, 970, 972, 974, 976, 979, 982, 987, 989, 992, 995, 999, 1001, 1002, 1003, 1005, 1007, 1010, 1012, 1015, 1017, 1021, 1022, 1025, 1026, 1027, 1029, 1030, 1031, 1032, 1033, 1034, 1036, 1038, 1050, 1052, 1053, 1054, 1055, 1057, 1060, 1061, 1063, 1064, 1068, 1071, 1077, 1078, 1081, 1083, 1085, 1086, 1087, 1089, 1091, 1092, 1094, 1095, 1096, 1098, 1099, 1100, 1113, 1115, 1116, 1117, 1121, 1123, 1129, 1132, 1133, 1136, 1138, 1140, 1141, 1142, 1143, 1147, 1148, 1150, 1152, 1154, 1156, 1159, 1160, 1162, 1164, 1165, 1167, 1169, 1170, 1172, 1174, 1176, 1180, 1182, 1184, 1185, 1186, 1187, 1188, 1189, 1192, 1195, 1196, 1199, 1200, 1201, 1205, 1207, 1212, 1213, 1215, 1216, 1218, 1219, 1220, 1221, 1222, 1223, 1226, 1231, 1232, 1233, 1234, 1235, 1236, 1237, 1238, 1240, 1243, 1244, 1246, 1248, 1249, 1253, 1256, 1257, 1259, 1260, 1261, 1262, 1265, 1266, 1267, 1268, 1278, 1279, 1281, 1282, 1283, 1285, 1286, 1287, 1291, 1293, 1295, 1301, 1302, 1306, 1307, 1310, 1311, 1312, 1314, 1316, 1317, 1318, 1320, 1321, 1322, 1323, 1324, 1325, 1326, 1327, 1328, 1330, 1331, 1334, 1335, 1336, 1337, 1339, 1341, 1342, 1344, 1346, 1348, 1349, 1351, 1356, 1359, 1360, 1364, 1365, 1367, 1369, 1372, 1373, 1374, 1375, 1376, 1377, 1380, 1382, 1386, 1389, 1390, 1393, 1394, 1395, 1396, 1397, 1399, 1400, 1403, 1404, 1406, 1408, 1409, 1410, 1412, 1413, 1414, 1415, 1416, 1417, 1419, 1420, 1422, 1427, 1432, 1436, 1437, 1438, 1441, 1444, 1447, 1448, 1450, 1451, 1452, 1456, 1459, 1460, 1461, 1465, 1467, 1468, 1469, 1470, 1472, 1478, 1479, 1482, 1483, 1484, 1489, 1490, 1492, 1494, 1495, 1499, 1503, 1505, 1508, 1510, 1511, 1513, 1515, 1516, 1519, 1520, 1524, 1525, 1527, 1529, 1530, 1531, 1532, 1533, 1534, 1538, 1541, 1542, 1543, 1544, 1546, 1547, 1549, 1552, 1553, 1554, 1555, 1556, 1557, 1558, 1560, 1561, 1565, 1568, 1570, 1571, 1573, 1574, 1577, 1578, 1579, 1580, 1583, 1588, 1589, 1590, 1591, 1592, 1593, 1594, 1595, 1599, 1600, 1601, 1605, 1607, 1611, 1612, 1613, 1615, 1618, 1620, 1621, 1624, 1629, 1630, 1632, 1633, 1636, 1639, 1641, 1642, 1644, 1645, 1646, 1649, 1650, 1651, 1652, 1653, 1654, 1655, 1658, 1661, 1665, 1666, 1667, 1668, 1669, 1670, 1674, 1675, 1678, 1680, 1681, 1682, 1683, 1685, 1689, 1690, 1691, 1693, 1694, 1695, 1699, 1700, 1701, 1702, 1705, 1706, 1707, 1709, 1711, 1717, 1719, 1722, 1724, 1726, 1727, 1728, 1729, 1730, 1731, 1732, 1734, 1736, 1742, 1743, 1744, 1745, 1749, 1750, 1751, 1753, 1756, 1758, 1759, 1760, 1764, 1767, 1774, 1775, 1776, 1777, 1778, 1779, 1783, 1785, 1787, 1789, 1790, 1791, 1792, 1793, 1794, 1796, 1798, 1801, 1805, 1806, 1807, 1809, 1812, 1813, 1814, 1817, 1818, 1823, 1829, 1831, 1832, 1833, 1838, 1839, 1840, 1841, 1848, 1849, 1851, 1852, 1853, 1858, 1863, 1864, 1866, 1867, 1868, 1869, 1870, 1871, 1872, 1876, 1877, 1881, 1883, 1885, 1888, 1889, 1892, 1893, 1894, 1895, 1897, 1901, 1902, 1904, 1907, 1908, 1909, 1910, 1912, 1913, 1916, 1917, 1921, 1923, 1924, 1928, 1930, 1931, 1933, 1934, 1936, 1937, 1939, 1942, 1943, 1947, 1948, 1951, 1952, 1954, 1955, 1958, 1960, 1962, 1965, 1967, 1968, 1969, 1971, 1972, 1974, 1976, 1979, 1981, 1982, 1985, 1986, 1987, 1988, 1989, 1990, 1993, 1995, 1997, 1998, 2000, 2002, 2005, 2007, 2009, 2012, 2014, 2015, 2017, 2025, 2027, 2028, 2033, 2034, 2035, 2036, 2038, 2039, 2041, 2042, 2043, 2046]","(384,)",int8,binary,"[(0, 192), (1, 192)]",,512,1500,384,294912000,[1.0],1.0,4.813407596408716e-08,384
bit_memory,direct,svm,{},1024,"[0, 1, 2, 3, 4, 5]","(384,)",int8,binary,"[(0, 192), (1, 192)]",,,,,,[0.65625],0.65625,0.6075160779402178,384
bit_memory,direct,evo,"{'population_size': 512, 'generations': 1500, 'tournament_size': 7, 'elite_count': 10, 'mutation_scale': 0.05, 'mutation_schedule': 'linear_decay', 'min_mutation_scale': 0.01, 'mutation_fraction': 0.5, 'batch_size': None}",1024,"[0, 1, 2, 3, 4, 5]","(384,)",int8,binary,"[(0, 192), (1, 192)]",,512,1500,384,294912000,[0.65625],0.65625,0.6027416870762518,384
serial_adder,reservoir,svm,{},1024,"[0, 1, 2, 6, 7, 12, 15, 18, 19, 21, 22, 26, 27, 29, 31, 34, 35, 43, 47, 48, 49, 51, 53, 54, 56, 57, 58, 60, 70, 74, 77, 81, 88, 90, 91, 93, 99, 100, 102, 105, 109, 111, 112, 113, 114, 117, 118, 119, 120, 122, 123, 124, 125, 128, 129, 131, 132, 135, 136, 138, 140, 141, 142, 145, 147, 148, 151, 152, 158, 163, 164, 168, 169, 170, 171, 172, 177, 178, 181, 183, 189, 190, 193, 194, 195, 196, 197, 199, 202, 203, 210, 211, 212, 213, 214, 217, 220, 223, 228, 230, 231, 233, 237, 245, 246, 249, 252, 254, 255, 256, 260, 261, 266, 269, 270, 271, 272, 274, 275, 276, 277, 282, 283, 284, 286, 289, 290, 292, 293, 294, 295, 296, 299, 302, 303, 305, 308, 311, 315, 316, 319, 323, 325, 328, 330, 332, 333, 336, 338, 341, 342, 343, 345, 347, 348, 349, 350, 351, 352, 353, 354, 357, 358, 360, 362, 363, 365, 369, 370, 374, 377, 378, 379, 380, 382, 385, 386, 387, 388, 393, 395, 398, 399, 400, 403, 406, 408, 409, 411, 412, 413, 415, 416, 417, 419, 420, 421, 422, 423, 425, 428, 430, 431, 432, 433, 436, 439, 441, 445, 449, 450, 452, 454, 455, 456, 460, 463, 464, 465, 468, 469, 470, 473, 475, 476, 479, 480, 482, 483, 484, 485, 490, 491, 492, 495, 498, 502, 503, 508, 509, 511, 512, 513, 514, 515, 521, 526, 527, 528, 529, 530, 532, 533, 536, 537, 539, 545, 546, 547, 550, 552, 554, 557, 558, 560, 562, 564, 565, 567, 569, 571, 574, 578, 579, 580, 584, 586, 587, 588, 593, 595, 598, 603, 609, 610, 611, 613, 614, 615, 619, 620, 624, 628, 630, 631, 632, 634, 636, 637, 638, 640, 642, 644, 645, 647, 649, 650, 652, 654, 655, 657, 659, 660, 662, 663, 664, 666, 668, 669, 670, 671, 672, 674, 676, 678, 681, 685, 686, 690, 691, 692, 693, 694, 695, 696, 698, 699, 704, 709, 710, 712, 716, 717, 718, 720, 722, 724, 728, 730, 731, 732, 735, 736, 739, 742, 743, 745, 746, 748, 749, 750, 753, 754, 755, 758, 760, 761, 762, 763, 764, 765, 766, 767, 768, 769, 770, 771, 772, 776, 779, 780, 782, 785, 786, 788, 790, 792, 796, 797, 799, 803, 806, 807, 809, 812, 815, 817, 818, 819, 820, 822, 824, 827, 829, 836, 839, 841, 842, 843, 844, 848, 852, 858, 859, 860, 862, 863, 864, 866, 867, 869, 870, 871, 872, 873, 875, 877, 878, 880, 881, 882, 884, 885, 889, 893, 894, 898, 900, 901, 903, 905, 906, 907, 909, 912, 914, 915, 916, 917, 918, 921, 923, 929, 930, 933, 934, 936, 937, 940, 941, 942, 944, 948, 949, 950, 952, 956, 958, 960, 961, 963, 964, 966, 967, 968, 970, 972, 973, 974, 978, 979, 984, 985, 990, 992, 993, 995, 999, 1000, 1003, 1009, 1010, 1013, 1014, 1016, 1020, 1024, 1025, 1026, 1030, 1033, 1035, 1037, 1038, 1041, 1046, 1047, 1048, 1050, 1051, 1053, 1055, 1056, 1057, 1060, 1061, 1062, 1066, 1067, 1069, 1072, 1074, 1075, 1076, 1079, 1080, 1082, 1084, 1087, 1092, 1094, 1096, 1097, 1098, 1100, 1104, 1105, 1106, 1107, 1109, 1110, 1114, 1117, 1119, 1120, 1121, 1122, 1123, 1124, 1125, 1128, 1130, 1131, 1132, 1133, 1137, 1138, 1139, 1142, 1143, 1147, 1151, 1152, 1155, 1156, 1157, 1158, 1162, 1164, 1165, 1166, 1167, 1170, 1171, 1173, 1174, 1178, 1179, 1181, 1184, 1187, 1188, 1189, 1190, 1191, 1192, 1193, 1195, 1196, 1198, 1199, 1202, 1205, 1207, 1211, 1213, 1215, 1217, 1218, 1226, 1227, 1229, 1230, 1232, 1234, 1235, 1240, 1248, 1249, 1251, 1253, 1256, 1258, 1260, 1263, 1265, 1267, 1268, 1269, 1270, 1274, 1276, 1277, 1278, 1280, 1282, 1286, 1288, 1289, 1290, 1292, 1293, 1298, 1299, 1303, 1304, 1305, 1306, 1307, 1309, 1310, 1311, 1314, 1318, 1320, 1321, 1323, 1326, 1328, 1329, 1330, 1331, 1333, 1335, 1337, 1339, 1340, 1344, 1349, 1351, 1352, 1360, 1363, 1367, 1368, 1369, 1371, 1374, 1375, 1378, 1380, 1382, 1385, 1386, 1393, 1394, 1395, 1396, 1397, 1398, 1400, 1401, 1404, 1405, 1407, 1408, 1409, 1413, 1414, 1417, 1418, 1419, 1421, 1422, 1423, 1424, 1425, 1426, 1429, 1430, 1431, 1434, 1437, 1439, 1440, 1442, 1444, 1450, 1451, 1455, 1457, 1460, 1461, 1462, 1466, 1471, 1473, 1474, 1477, 1478, 1479, 1480, 1482, 1483, 1484, 1486, 1489, 1490, 1491, 1492, 1493, 1495, 1499, 1500, 1501, 1502, 1505, 1506, 1508, 1513, 1514, 1516, 1518, 1519, 1521, 1522, 1525, 1530, 1531, 1532, 1536, 1540, 1541, 1543, 1544, 1545, 1547, 1548, 1549, 1550, 1551, 1552, 1553, 1558, 1559, 1564, 1568, 1573, 1574, 1581, 1582, 1584, 1585, 1587, 1588, 1591, 1592, 1593, 1595, 1596, 1597, 1598, 1599, 1601, 1603, 1604, 1606, 1607, 1608, 1611, 1613, 1615, 1616, 1617, 1618, 1619, 1621, 1623, 1627, 1628, 1630, 1633, 1634, 1635, 1636, 1641, 1642, 1644, 1645, 1646, 1649, 1650, 1651, 1653, 1654, 1655, 1659, 1660, 1662, 1663, 1664, 1668, 1671, 1673, 1675, 1678, 1680, 1681, 1682, 1683, 1684, 1685, 1686, 1692, 1694, 1695, 1696, 1698, 1699, 1700, 1701, 1702, 1704, 1707, 1708, 1709, 1711, 1712, 1713, 1715, 1716, 1719, 1720, 1721, 1722, 1723, 1730, 1731, 1735, 1736, 1739, 1740, 1741, 1744, 1749, 1752, 1754, 1762, 1763, 1765, 1766, 1769, 1772, 1774, 1776, 1778, 1782, 1783, 1784, 1785, 1786, 1788, 1789, 1790, 1792, 1794, 1795, 1796, 1797, 1798, 1801, 1803, 1804, 1805, 1809, 1811, 1813, 1815, 1819, 1820, 1821, 1822, 1824, 1826, 1829, 1830, 1832, 1833, 1834, 1837, 1839, 1840, 1841, 1843, 1848, 1849, 1851, 1853, 1854, 1856, 1857, 1859, 1861, 1865, 1866, 1868, 1872, 1873, 1874, 1877, 1878, 1879, 1881, 1882, 1883, 1884, 1885, 1887, 1891, 1892, 1894, 1895, 1897, 1900, 1901, 1902, 1903, 1904, 1905, 1906, 1907, 1909, 1910, 1912, 1913, 1918, 1919, 1920, 1921, 1922, 1924, 1925, 1926, 1927, 1931, 1932, 1933, 1936, 1938, 1940, 1941, 1943, 1944, 1945, 1953, 1954, 1955, 1957, 1960, 1967, 1968, 1969, 1971, 1972, 1975, 1979, 1981, 1982, 1983, 1984, 1985, 1986, 1987, 1989, 1990, 1993, 1994, 1997, 1999, 2004, 2008, 2010, 2011, 2012, 2015, 2016, 2018, 2020, 2022, 2023, 2024, 2025, 2027, 2028, 2030, 2031, 2032, 2035, 2036, 2040, 2042, 2045, 2046, 2047]","(1200,)",int8,binary,"[(0, 566), (1, 634)]",,,,,,[1.0],1.0,0.2924212074458693,1200
serial_adder,reservoir,evo,"{'population_size': 512, 'generations': 2000, 'tournament_size': 7, 'elite_count': 10, 'mutation_scale': 0.06, 'mutation_schedule': 'linear_decay', 'min_mutation_scale': 0.01, 'mutation_fraction': 0.4, 'batch_size': None}",1024,"[0, 1, 2, 6, 7, 12, 15, 18, 19, 21, 22, 26, 27, 29, 31, 34, 35, 43, 47, 48, 49, 51, 53, 54, 56, 57, 58, 60, 70, 74, 77, 81, 88, 90, 91, 93, 99, 100, 102, 105, 109, 111, 112, 113, 114, 117, 118, 119, 120, 122, 123, 124, 125, 128, 129, 131, 132, 135, 136, 138, 140, 141, 142, 145, 147, 148, 151, 152, 158, 163, 164, 168, 169, 170, 171, 172, 177, 178, 181, 183, 189, 190, 193, 194, 195, 196, 197, 199, 202, 203, 210, 211, 212, 213, 214, 217, 220, 223, 228, 230, 231, 233, 237, 245, 246, 249, 252, 254, 255, 256, 260, 261, 266, 269, 270, 271, 272, 274, 275, 276, 277, 282, 283, 284, 286, 289, 290, 292, 293, 294, 295, 296, 299, 302, 303, 305, 308, 311, 315, 316, 319, 323, 325, 328, 330, 332, 333, 336, 338, 341, 342, 343, 345, 347, 348, 349, 350, 351, 352, 353, 354, 357, 358, 360, 362, 363, 365, 369, 370, 374, 377, 378, 379, 380, 382, 385, 386, 387, 388, 393, 395, 398, 399, 400, 403, 406, 408, 409, 411, 412, 413, 415, 416, 417, 419, 420, 421, 422, 423, 425, 428, 430, 431, 432, 433, 436, 439, 441, 445, 449, 450, 452, 454, 455, 456, 460, 463, 464, 465, 468, 469, 470, 473, 475, 476, 479, 480, 482, 483, 484, 485, 490, 491, 492, 495, 498, 502, 503, 508, 509, 511, 512, 513, 514, 515, 521, 526, 527, 528, 529, 530, 532, 533, 536, 537, 539, 545, 546, 547, 550, 552, 554, 557, 558, 560, 562, 564, 565, 567, 569, 571, 574, 578, 579, 580, 584, 586, 587, 588, 593, 595, 598, 603, 609, 610, 611, 613, 614, 615, 619, 620, 624, 628, 630, 631, 632, 634, 636, 637, 638, 640, 642, 644, 645, 647, 649, 650, 652, 654, 655, 657, 659, 660, 662, 663, 664, 666, 668, 669, 670, 671, 672, 674, 676, 678, 681, 685, 686, 690, 691, 692, 693, 694, 695, 696, 698, 699, 704, 709, 710, 712, 716, 717, 718, 720, 722, 724, 728, 730, 731, 732, 735, 736, 739, 742, 743, 745, 746, 748, 749, 750, 753, 754, 755, 758, 760, 761, 762, 763, 764, 765, 766, 767, 768, 769, 770, 771, 772, 776, 779, 780, 782, 785, 786, 788, 790, 792, 796, 797, 799, 803, 806, 807, 809, 812, 815, 817, 818, 819, 820, 822, 824, 827, 829, 836, 839, 841, 842, 843, 844, 848, 852, 858, 859, 860, 862, 863, 864, 866, 867, 869, 870, 871, 872, 873, 875, 877, 878, 880, 881, 882, 884, 885, 889, 893, 894, 898, 900, 901, 903, 905, 906, 907, 909, 912, 914, 915, 916, 917, 918, 921, 923, 929, 930, 933, 934, 936, 937, 940, 941, 942, 944, 948, 949, 950, 952, 956, 958, 960, 961, 963, 964, 966, 967, 968, 970, 972, 973, 974, 978, 979, 984, 985, 990, 992, 993, 995, 999, 1000, 1003, 1009, 1010, 1013, 1014, 1016, 1020, 1024, 1025, 1026, 1030, 1033, 1035, 1037, 1038, 1041, 1046, 1047, 1048, 1050, 1051, 1053, 1055, 1056, 1057, 1060, 1061, 1062, 1066, 1067, 1069, 1072, 1074, 1075, 1076, 1079, 1080, 1082, 1084, 1087, 1092, 1094, 1096, 1097, 1098, 1100, 1104, 1105, 1106, 1107, 1109, 1110, 1114, 1117, 1119, 1120, 1121, 1122, 1123, 1124, 1125, 1128, 1130, 1131, 1132, 1133, 1137, 1138, 1139, 1142, 1143, 1147, 1151, 1152, 1155, 1156, 1157, 1158, 1162, 1164, 1165, 1166, 1167, 1170, 1171, 1173, 1174, 1178, 1179, 1181, 1184, 1187, 1188, 1189, 1190, 1191, 1192, 1193, 1195, 1196, 1198, 1199, 1202, 1205, 1207, 1211, 1213, 1215, 1217, 1218, 1226, 1227, 1229, 1230, 1232, 1234, 1235, 1240, 1248, 1249, 1251, 1253, 1256, 1258, 1260, 1263, 1265, 1267, 1268, 1269, 1270, 1274, 1276, 1277, 1278, 1280, 1282, 1286, 1288, 1289, 1290, 1292, 1293, 1298, 1299, 1303, 1304, 1305, 1306, 1307, 1309, 1310, 1311, 1314, 1318, 1320, 1321, 1323, 1326, 1328, 1329, 1330, 1331, 1333, 1335, 1337, 1339, 1340, 1344, 1349, 1351, 1352, 1360, 1363, 1367, 1368, 1369, 1371, 1374, 1375, 1378, 1380, 1382, 1385, 1386, 1393, 1394, 1395, 1396, 1397, 1398, 1400, 1401, 1404, 1405, 1407, 1408, 1409, 1413, 1414, 1417, 1418, 1419, 1421, 1422, 1423, 1424, 1425, 1426, 1429, 1430, 1431, 1434, 1437, 1439, 1440, 1442, 1444, 1450, 1451, 1455, 1457, 1460, 1461, 1462, 1466, 1471, 1473, 1474, 1477, 1478, 1479, 1480, 1482, 1483, 1484, 1486, 1489, 1490, 1491, 1492, 1493, 1495, 1499, 1500, 1501, 1502, 1505, 1506, 1508, 1513, 1514, 1516, 1518, 1519, 1521, 1522, 1525, 1530, 1531, 1532, 1536, 1540, 1541, 1543, 1544, 1545, 1547, 1548, 1549, 1550, 1551, 1552, 1553, 1558, 1559, 1564, 1568, 1573, 1574, 1581, 1582, 1584, 1585, 1587, 1588, 1591, 1592, 1593, 1595, 1596, 1597, 1598, 1599, 1601, 1603, 1604, 1606, 1607, 1608, 1611, 1613, 1615, 1616, 1617, 1618, 1619, 1621, 1623, 1627, 1628, 1630, 1633, 1634, 1635, 1636, 1641, 1642, 1644, 1645, 1646, 1649, 1650, 1651, 1653, 1654, 1655, 1659, 1660, 1662, 1663, 1664, 1668, 1671, 1673, 1675, 1678, 1680, 1681, 1682, 1683, 1684, 1685, 1686, 1692, 1694, 1695, 1696, 1698, 1699, 1700, 1701, 1702, 1704, 1707, 1708, 1709, 1711, 1712, 1713, 1715, 1716, 1719, 1720, 1721, 1722, 1723, 1730, 1731, 1735, 1736, 1739, 1740, 1741, 1744, 1749, 1752, 1754, 1762, 1763, 1765, 1766, 1769, 1772, 1774, 1776, 1778, 1782, 1783, 1784, 1785, 1786, 1788, 1789, 1790, 1792, 1794, 1795, 1796, 1797, 1798, 1801, 1803, 1804, 1805, 1809, 1811, 1813, 1815, 1819, 1820, 1821, 1822, 1824, 1826, 1829, 1830, 1832, 1833, 1834, 1837, 1839, 1840, 1841, 1843, 1848, 1849, 1851, 1853, 1854, 1856, 1857, 1859, 1861, 1865, 1866, 1868, 1872, 1873, 1874, 1877, 1878, 1879, 1881, 1882, 1883, 1884, 1885, 1887, 1891, 1892, 1894, 1895, 1897, 1900, 1901, 1902, 1903, 1904, 1905, 1906, 1907, 1909, 1910, 1912, 1913, 1918, 1919, 1920, 1921, 1922, 1924, 1925, 1926, 1927, 1931, 1932, 1933, 1936, 1938, 1940, 1941, 1943, 1944, 1945, 1953, 1954, 1955, 1957, 1960, 1967, 1968, 1969, 1971, 1972, 1975, 1979, 1981, 1982, 1983, 1984, 1985, 1986, 1987, 1989, 1990, 1993, 1994, 1997, 1999, 2004, 2008, 2010, 2011, 2012, 2015, 2016, 2018, 2020, 2022, 2023, 2024, 2025, 2027, 2028, 2030, 2031, 2032, 2035, 2036, 2040, 2042, 2045, 2046, 2047]","(1200,)",int8,binary,"[(0, 566), (1, 634)]",,512,2000,1200,1228800000,[1.0],1.0,5.312776836666894e-05,1200
serial_adder,direct,svm,{},1024,"[0, 1, 2, 3, 4, 5, 6, 7, 8, 9, 10, 11]","(1200,)",int8,binary,"[(0, 577), (1, 623)]",,,,,,[0.5441666666666667],0.5441666666666667,0.7690155509825852,1200
serial_adder,direct,evo,"{'population_size': 512, 'generations': 2000, 'tournament_size': 7, 'elite_count': 10, 'mutation_scale': 0.06, 'mutation_schedule': 'linear_decay', 'min_mutation_scale': 0.01, 'mutation_fraction': 0.4, 'batch_size': None}",1024,"[0, 1, 2, 3, 4, 5, 6, 7, 8, 9, 10, 11]","(1200,)",int8,binary,"[(0, 577), (1, 623)]",,512,2000,1200,1228800000,[0.5525],0.5525,0.6836157816573898,1200
toy_addition,reservoir,svm,{},1024,"[9, 16, 78, 93, 179, 223, 224, 234, 244, 254, 257, 316, 334, 383, 397, 403, 409, 447, 484, 524, 542, 555, 582, 598, 628, 635, 685, 724, 737, 739, 788, 808, 866, 889, 898, 907, 976, 1000, 1061, 1069, 1108, 1118, 1120, 1149, 1164, 1193, 1200, 1252, 1372, 1398, 1412, 1455, 1456, 1457, 1466, 1511, 1524, 1535, 1541, 1576, 1766, 1834, 1875, 1891, 2018, 2055, 2072, 2077, 2086, 2102, 2140, 2144, 2207, 2223, 2280, 2299, 2305, 2336, 2341, 2397, 2412, 2486, 2569, 2571, 2610, 2690, 2701, 2704, 2721, 2748, 2760, 2763, 2802, 2809, 2819, 2862, 2917, 2976, 2983, 3042, 3051, 3088, 3092, 3158, 3208, 3236, 3319, 3350, 3357, 3373, 3398, 3399, 3402, 3421, 3437, 3443, 3480, 3487, 3490, 3546, 3606, 3658, 3666, 3674, 3681, 3718, 3736, 3746, 3778, 3795, 3964, 3979, 4093, 4100, 4126, 4142, 4168, 4299, 4308, 4322, 4433, 4451, 4457, 4494, 4503, 4507, 4511, 4574, 4585, 4620, 4632, 4692, 4714, 4821, 4871, 4878, 4917, 4919, 4946, 4947, 4959, 5006, 5007, 5069, 5145, 5153, 5202, 5216, 5260, 5283, 5284, 5304, 5310, 5371, 5432, 5443, 5502, 5509, 5573, 5577, 5592, 5604, 5672, 5696, 5709, 5891, 5947, 5958, 5965, 5975, 6025, 6099, 6196, 6279, 6310, 6327, 6341, 6406, 6470, 6473, 6499, 6510, 6513, 6516, 6532, 6546, 6563, 6581, 6585, 6587, 6608, 6613, 6727, 6757, 6828, 6832, 6867, 6868, 6929, 6954, 6956, 6997, 6999, 7037, 7132, 7195, 7256, 7287, 7291, 7304, 7318, 7333, 7353, 7358, 7415, 7433, 7448, 7452, 7491, 7557, 7594, 7644, 7667, 7669, 7674, 7676, 7688, 7690, 7691, 7847, 7854, 7884, 7887, 7895, 7916, 7956, 8065, 8103, 8131, 8172, 8196, 8283, 8362, 8395, 8415, 8448, 8451, 8482, 8513, 8524, 8528, 8561, 8574, 8584, 8702, 8703, 8720, 8721, 8728, 8747, 8749, 8775, 8782, 8794, 8835, 8879, 8888, 8914, 8927, 8936, 8940, 8969, 8984, 8993, 9041, 9045, 9074, 9170, 9272, 9285, 9301, 9335, 9392, 9416, 9464, 9483, 9536, 9555, 9596, 9607, 9609, 9612, 9664, 9674, 9675, 9712, 9715, 9729, 9759, 9836, 9943, 9952, 9986, 9992, 10046, 10068, 10121, 10174, 10183, 10189, 10212, 10229, 10286, 10295, 10323, 10339, 10429, 10470, 10538, 10574, 10701, 10715, 10759, 10806, 10823, 10831, 10832, 10886, 10887, 10897, 10950, 10956, 10962, 11003, 11020, 11029, 11044, 11070, 11079, 11114, 11145, 11152, 11159, 11163, 11170, 11172, 11199, 11218, 11233, 11246, 11268, 11311, 11342, 11388, 11406, 11452, 11458, 11483, 11486, 11487, 11499, 11525, 11532, 11540, 11646, 11652, 11658, 11671, 11728, 11729, 11809, 11830, 11833, 11849, 11851, 11893, 11898, 11902, 11956, 11988, 11999, 12000, 12039, 12087, 12104, 12169, 12206, 12233, 12244, 12256, 12294, 12307, 12352, 12373, 12436, 12439, 12452, 12468, 12478, 12536, 12546, 12594, 12622, 12651, 12671, 12717, 12754, 12775, 12789, 12814, 12834, 12844, 12853, 12864, 12894, 12910, 12917, 12945, 12966, 12981, 13005, 13030, 13034, 13082, 13098, 13137, 13139, 13155, 13172, 13196, 13210, 13220, 13249, 13257, 13276, 13344, 13346, 13360, 13373, 13391, 13413, 13448, 13453, 13475, 13530, 13540, 13546, 13547, 13649, 13733, 13734, 13750, 13781, 13796, 13827, 13844, 13875, 13936, 13944, 13970, 14001, 14041, 14078, 14187, 14238, 14247, 14314, 14364, 14373, 14402, 14439, 14444, 14455, 14456, 14460, 14468, 14500, 14511, 14528, 14597, 14618, 14643, 14683, 14749, 14799, 14834, 14844, 14893, 14894, 14908, 14929, 14963, 15003, 15046, 15053, 15094, 15121, 15157, 15163, 15197, 15202, 15210, 15227, 15262, 15268, 15276, 15279, 15338, 15346, 15348, 15431, 15471, 15492, 15543, 15587, 15588, 15619, 15630, 15680, 15696, 15719, 15740, 15756, 15787, 15807, 15879, 15904, 15935, 15946, 15999, 16028, 16031, 16033, 16036, 16118, 16121, 16129, 16144, 16173, 16225, 16227, 16243, 16313, 16355, 16415, 16425, 16476, 16553, 16554, 16568, 16628, 16659, 16678, 16684, 16695, 16698, 16703, 16758, 16774, 16841, 16926, 16969, 16986, 17008, 17025, 17043, 17133, 17180, 17204, 17236, 17269, 17273, 17317, 17333, 17345, 17367, 17433, 17437, 17531, 17709, 17711, 17713, 17725, 17795, 17827, 17859, 17870, 17909, 17949, 18057, 18157, 18172, 18206, 18258, 18260, 18279, 18295, 18312, 18321, 18340, 18352, 18358, 18381, 18387, 18390, 18396, 18402, 18432, 18471, 18514, 18521, 18545, 18592, 18603, 18645, 18729, 18732, 18746, 18797, 18812, 18827, 18832, 18849, 18868, 18886, 18982, 19000, 19037, 19048, 19054, 19056, 19079, 19092, 19103, 19104, 19221, 19305, 19340, 19351, 19356, 19387, 19397, 19406, 19428, 19438, 19450, 19466, 19491, 19555, 19564, 19636, 19638, 19639, 19651, 19687, 19689, 19702, 19759, 19783, 19822, 19837, 19845, 19856, 19865, 19918, 19919, 19921, 19925, 19963, 19964, 19997, 20001, 20010, 20013, 20027, 20097, 20099, 20243, 20347, 20352, 20368, 20376, 20443, 20467, 20498, 20582, 20588, 20642, 20652, 20707, 20713, 20754, 20865, 20901, 20913, 20918, 20931, 20945, 20965, 21025, 21038, 21092, 21169, 21202, 21229, 21250, 21252, 21254, 21281, 21296, 21332, 21341, 21345, 21349, 21359, 21443, 21467, 21494, 21502, 21508, 21522, 21593, 21633, 21635, 21649, 21756, 21793, 21794, 21807, 21866, 21982, 21986, 21988, 22032, 22110, 22180, 22197, 22208, 22213, 22258, 22283, 22349, 22368, 22426, 22433, 22437, 22468, 22477, 22491, 22504, 22531, 22543, 22545, 22584, 22603, 22615, 22680, 22707, 22753, 22837, 22890, 22934, 22940, 22980, 23015, 23077, 23121, 23202, 23209, 23215, 23234, 23308, 23344, 23357, 23374, 23420, 23436, 23447, 23476, 23497, 23499, 23594, 23621, 23630, 23649, 23683, 23694, 23699, 23706, 23716, 23717, 23820, 23874, 23987, 23996, 24047, 24075, 24079, 24101, 24104, 24167, 24193, 24201, 24206, 24210, 24279, 24281, 24296, 24478, 24519, 24571, 24579, 24634, 24692, 24738, 24766, 24793, 24831, 24856, 24872, 24882, 24909, 24959, 24963, 24970, 25003, 25011, 25078, 25130, 25131, 25155, 25187, 25197, 25208, 25215, 25236, 25244, 25279, 25319, 25346, 25353, 25364, 25401, 25419, 25439, 25449, 25457, 25461, 25547, 25561, 25589, 25593, 25616, 25687, 25725, 25762, 25769, 25853, 25892, 25921, 25945, 25996, 26027, 26043, 26072, 26096, 26148, 26251, 26314, 26373, 26400, 26489, 26547, 26553, 26623, 26651, 26678, 26726, 26731, 26773, 26796, 26817, 26835, 26898, 26928, 26965, 27062, 27068, 27082, 27187, 27201, 27203, 27239, 27242, 27269, 27273, 27284, 27297, 27300, 27339, 27341, 27495, 27503, 27511, 27557, 27587, 27602, 27622, 27646, 27664, 27740, 27753, 27790, 27812, 27814, 27883, 27915, 27945, 27950, 28021, 28195, 28204, 28254, 28280, 28287, 28333, 28340, 28356, 28384, 28403, 28420, 28511, 28515, 28525, 28592, 28612, 28625, 28629, 28637, 28665, 28668, 28682, 28688, 28710, 28719, 28728, 28747, 28753, 28779, 28815, 28840, 28868, 28889, 28896, 28912, 28926, 28952, 29000, 29024, 29063, 29154, 29161, 29175, 29185, 29208, 29263, 29291, 29336, 29396, 29425, 29427, 29444, 29445, 29459, 29494, 29512, 29518, 29575, 29650, 29686, 29703, 29766, 29780, 29787, 29788, 29817, 29866, 29909, 29928, 29945, 30192, 30214, 30247, 30260, 30358, 30371, 30376, 30409, 30476, 30479, 30535, 30632, 30672, 30704]","(64, 4)",int8,multilabel,,"[0.5, 0.5, 0.5, 0.4375]",,,,,"[1.0, 1.0, 1.0, 1.0]",1.0,0.3132312587583447,64
toy_addition,reservoir,evo,"{'population_size': 128, 'generations': 300, 'tournament_size': 5, 'elite_count': 4, 'mutation_scale': 0.1, 'mutation_schedule': 'linear_decay', 'min_mutation_scale': 0.02, 'mutation_fraction': 0.5, 'batch_size': None}",1024,"[9, 16, 78, 93, 179, 223, 224, 234, 244, 254, 257, 316, 334, 383, 397, 403, 409, 447, 484, 524, 542, 555, 582, 598, 628, 635, 685, 724, 737, 739, 788, 808, 866, 889, 898, 907, 976, 1000, 1061, 1069, 1108, 1118, 1120, 1149, 1164, 1193, 1200, 1252, 1372, 1398, 1412, 1455, 1456, 1457, 1466, 1511, 1524, 1535, 1541, 1576, 1766, 1834, 1875, 1891, 2018, 2055, 2072, 2077, 2086, 2102, 2140, 2144, 2207, 2223, 2280, 2299, 2305, 2336, 2341, 2397, 2412, 2486, 2569, 2571, 2610, 2690, 2701, 2704, 2721, 2748, 2760, 2763, 2802, 2809, 2819, 2862, 2917, 2976, 2983, 3042, 3051, 3088, 3092, 3158, 3208, 3236, 3319, 3350, 3357, 3373, 3398, 3399, 3402, 3421, 3437, 3443, 3480, 3487, 3490, 3546, 3606, 3658, 3666, 3674, 3681, 3718, 3736, 3746, 3778, 3795, 3964, 3979, 4093, 4100, 4126, 4142, 4168, 4299, 4308, 4322, 4433, 4451, 4457, 4494, 4503, 4507, 4511, 4574, 4585, 4620, 4632, 4692, 4714, 4821, 4871, 4878, 4917, 4919, 4946, 4947, 4959, 5006, 5007, 5069, 5145, 5153, 5202, 5216, 5260, 5283, 5284, 5304, 5310, 5371, 5432, 5443, 5502, 5509, 5573, 5577, 5592, 5604, 5672, 5696, 5709, 5891, 5947, 5958, 5965, 5975, 6025, 6099, 6196, 6279, 6310, 6327, 6341, 6406, 6470, 6473, 6499, 6510, 6513, 6516, 6532, 6546, 6563, 6581, 6585, 6587, 6608, 6613, 6727, 6757, 6828, 6832, 6867, 6868, 6929, 6954, 6956, 6997, 6999, 7037, 7132, 7195, 7256, 7287, 7291, 7304, 7318, 7333, 7353, 7358, 7415, 7433, 7448, 7452, 7491, 7557, 7594, 7644, 7667, 7669, 7674, 7676, 7688, 7690, 7691, 7847, 7854, 7884, 7887, 7895, 7916, 7956, 8065, 8103, 8131, 8172, 8196, 8283, 8362, 8395, 8415, 8448, 8451, 8482, 8513, 8524, 8528, 8561, 8574, 8584, 8702, 8703, 8720, 8721, 8728, 8747, 8749, 8775, 8782, 8794, 8835, 8879, 8888, 8914, 8927, 8936, 8940, 8969, 8984, 8993, 9041, 9045, 9074, 9170, 9272, 9285, 9301, 9335, 9392, 9416, 9464, 9483, 9536, 9555, 9596, 9607, 9609, 9612, 9664, 9674, 9675, 9712, 9715, 9729, 9759, 9836, 9943, 9952, 9986, 9992, 10046, 10068, 10121, 10174, 10183, 10189, 10212, 10229, 10286, 10295, 10323, 10339, 10429, 10470, 10538, 10574, 10701, 10715, 10759, 10806, 10823, 10831, 10832, 10886, 10887, 10897, 10950, 10956, 10962, 11003, 11020, 11029, 11044, 11070, 11079, 11114, 11145, 11152, 11159, 11163, 11170, 11172, 11199, 11218, 11233, 11246, 11268, 11311, 11342, 11388, 11406, 11452, 11458, 11483, 11486, 11487, 11499, 11525, 11532, 11540, 11646, 11652, 11658, 11671, 11728, 11729, 11809, 11830, 11833, 11849, 11851, 11893, 11898, 11902, 11956, 11988, 11999, 12000, 12039, 12087, 12104, 12169, 12206, 12233, 12244, 12256, 12294, 12307, 12352, 12373, 12436, 12439, 12452, 12468, 12478, 12536, 12546, 12594, 12622, 12651, 12671, 12717, 12754, 12775, 12789, 12814, 12834, 12844, 12853, 12864, 12894, 12910, 12917, 12945, 12966, 12981, 13005, 13030, 13034, 13082, 13098, 13137, 13139, 13155, 13172, 13196, 13210, 13220, 13249, 13257, 13276, 13344, 13346, 13360, 13373, 13391, 13413, 13448, 13453, 13475, 13530, 13540, 13546, 13547, 13649, 13733, 13734, 13750, 13781, 13796, 13827, 13844, 13875, 13936, 13944, 13970, 14001, 14041, 14078, 14187, 14238, 14247, 14314, 14364, 14373, 14402, 14439, 14444, 14455, 14456, 14460, 14468, 14500, 14511, 14528, 14597, 14618, 14643, 14683, 14749, 14799, 14834, 14844, 14893, 14894, 14908, 14929, 14963, 15003, 15046, 15053, 15094, 15121, 15157, 15163, 15197, 15202, 15210, 15227, 15262, 15268, 15276, 15279, 15338, 15346, 15348, 15431, 15471, 15492, 15543, 15587, 15588, 15619, 15630, 15680, 15696, 15719, 15740, 15756, 15787, 15807, 15879, 15904, 15935, 15946, 15999, 16028, 16031, 16033, 16036, 16118, 16121, 16129, 16144, 16173, 16225, 16227, 16243, 16313, 16355, 16415, 16425, 16476, 16553, 16554, 16568, 16628, 16659, 16678, 16684, 16695, 16698, 16703, 16758, 16774, 16841, 16926, 16969, 16986, 17008, 17025, 17043, 17133, 17180, 17204, 17236, 17269, 17273, 17317, 17333, 17345, 17367, 17433, 17437, 17531, 17709, 17711, 17713, 17725, 17795, 17827, 17859, 17870, 17909, 17949, 18057, 18157, 18172, 18206, 18258, 18260, 18279, 18295, 18312, 18321, 18340, 18352, 18358, 18381, 18387, 18390, 18396, 18402, 18432, 18471, 18514, 18521, 18545, 18592, 18603, 18645, 18729, 18732, 18746, 18797, 18812, 18827, 18832, 18849, 18868, 18886, 18982, 19000, 19037, 19048, 19054, 19056, 19079, 19092, 19103, 19104, 19221, 19305, 19340, 19351, 19356, 19387, 19397, 19406, 19428, 19438, 19450, 19466, 19491, 19555, 19564, 19636, 19638, 19639, 19651, 19687, 19689, 19702, 19759, 19783, 19822, 19837, 19845, 19856, 19865, 19918, 19919, 19921, 19925, 19963, 19964, 19997, 20001, 20010, 20013, 20027, 20097, 20099, 20243, 20347, 20352, 20368, 20376, 20443, 20467, 20498, 20582, 20588, 20642, 20652, 20707, 20713, 20754, 20865, 20901, 20913, 20918, 20931, 20945, 20965, 21025, 21038, 21092, 21169, 21202, 21229, 21250, 21252, 21254, 21281, 21296, 21332, 21341, 21345, 21349, 21359, 21443, 21467, 21494, 21502, 21508, 21522, 21593, 21633, 21635, 21649, 21756, 21793, 21794, 21807, 21866, 21982, 21986, 21988, 22032, 22110, 22180, 22197, 22208, 22213, 22258, 22283, 22349, 22368, 22426, 22433, 22437, 22468, 22477, 22491, 22504, 22531, 22543, 22545, 22584, 22603, 22615, 22680, 22707, 22753, 22837, 22890, 22934, 22940, 22980, 23015, 23077, 23121, 23202, 23209, 23215, 23234, 23308, 23344, 23357, 23374, 23420, 23436, 23447, 23476, 23497, 23499, 23594, 23621, 23630, 23649, 23683, 23694, 23699, 23706, 23716, 23717, 23820, 23874, 23987, 23996, 24047, 24075, 24079, 24101, 24104, 24167, 24193, 24201, 24206, 24210, 24279, 24281, 24296, 24478, 24519, 24571, 24579, 24634, 24692, 24738, 24766, 24793, 24831, 24856, 24872, 24882, 24909, 24959, 24963, 24970, 25003, 25011, 25078, 25130, 25131, 25155, 25187, 25197, 25208, 25215, 25236, 25244, 25279, 25319, 25346, 25353, 25364, 25401, 25419, 25439, 25449, 25457, 25461, 25547, 25561, 25589, 25593, 25616, 25687, 25725, 25762, 25769, 25853, 25892, 25921, 25945, 25996, 26027, 26043, 26072, 26096, 26148, 26251, 26314, 26373, 26400, 26489, 26547, 26553, 26623, 26651, 26678, 26726, 26731, 26773, 26796, 26817, 26835, 26898, 26928, 26965, 27062, 27068, 27082, 27187, 27201, 27203, 27239, 27242, 27269, 27273, 27284, 27297, 27300, 27339, 27341, 27495, 27503, 27511, 27557, 27587, 27602, 27622, 27646, 27664, 27740, 27753, 27790, 27812, 27814, 27883, 27915, 27945, 27950, 28021, 28195, 28204, 28254, 28280, 28287, 28333, 28340, 28356, 28384, 28403, 28420, 28511, 28515, 28525, 28592, 28612, 28625, 28629, 28637, 28665, 28668, 28682, 28688, 28710, 28719, 28728, 28747, 28753, 28779, 28815, 28840, 28868, 28889, 28896, 28912, 28926, 28952, 29000, 29024, 29063, 29154, 29161, 29175, 29185, 29208, 29263, 29291, 29336, 29396, 29425, 29427, 29444, 29445, 29459, 29494, 29512, 29518, 29575, 29650, 29686, 29703, 29766, 29780, 29787, 29788, 29817, 29866, 29909, 29928, 29945, 30192, 30214, 30247, 30260, 30358, 30371, 30376, 30409, 30476, 30479, 30535, 30632, 30672, 30704]","(64, 4)",int8,multilabel,,"[0.5, 0.5, 0.5, 0.4375]",128,300,64,2457600,"[1.0, 1.0, 1.0, 1.0]",1.0,9.99999972218069e-10,64
toy_addition,direct,svm,{},1024,"[0, 1, 2, 3, 4, 5]","(64, 4)",int8,multilabel,,"[0.5, 0.5, 0.5, 0.4375]",,,,,"[0.5, 0.5, 0.5, 0.953125]",0.125,0.5687760657938442,64
toy_addition,direct,evo,"{'population_size': 128, 'generations': 300, 'tournament_size': 5, 'elite_count': 4, 'mutation_scale': 0.1, 'mutation_schedule': 'linear_decay', 'min_mutation_scale': 0.02, 'mutation_fraction': 0.5, 'batch_size': None}",1024,"[0, 1, 2, 3, 4, 5]","(64, 4)",int8,multilabel,,"[0.5, 0.5, 0.5, 0.4375]",128,300,64,2457600,"[0.46875, 0.5, 0.46875, 1.0]",0.140625,0.5251593108177947,64
